"transaction_id","account_id","transaction_date","posted_date","description","amount","currency","source_file","client_reported_category"
"T00001","A004","5/1/2025","2025-05-02","CVS","-42.98","USD","A004_05_export.csv",""
"T00002","A002","2025-12-31 00:00:00","2026-01-01","NV Energy","-194.34","USD","A002_12_export.csv",""
"T00003","A002","7/3/2025","2025-07-04","NETFLIX.COM","-12.68","USD","A002_07_export.csv",""
"T00004","A002","2025-09-03 00:00:00","2025-09-04","TRADER JOES 124","-63.61","USD","A002_09_export.csv",""
"T00005","A001","2025-12-18","2025-12-19","LVAC","-41.77","USD","A001_12_export.csv",""
"T00006","A004","8/19/2025","2025-08-20","Cox Communications","-56.19","USD","A004_08_export.csv",""
"T00007","A004","2/26/2025","2025-02-27","Netflix","-17.29","USD","A004_02_export.csv",""
"T00008","A002","2025-09-25","2025-09-27","DD *DOORDASH","-14.72","USD","A002_09_export.csv",""
"T00009","A003","2025-02-22","2025-02-23","UBER *EATS","-25.19","USD","A003_02_export.csv",""
"T00010","A005","2025-07-17","2025-07-18","NETFLIX.COM","-71.02","USD","A005_07_export.csv",""
"T00011","A003","2025-04-10","2025-04-11","TRADER JOES 124","-27.09","USD","A003_04_export.csv",""
"T00012","A002","2025-11-09","2025-11-11","CVS/PHARMACY #8829","-95.2","USD","A002_11_export.csv",""
"T00013","A005","2025-11-20 00:00:00","2025-11-22","Trader Joe's","-166.86","USD","A005_11_export.csv",""
"T00014","A003","2025-07-01 00:00:00","2025-07-02","CVS","-26.98","USD","A003_07_export.csv",""
"T00015","A001","2025-03-09 00:00:00","2025-03-10","Airbnb","-396.54","USD","A001_03_export.csv",""
"T00016","A001","9/5/2025","2025-09-07","Amazon","-91.5","USD","A001_09_export.csv",""
"T00017","A005","10/6/2025","2025-10-07","SMITHS #348","-52.21","USD","A005_10_export.csv",""
"T00018","A003","2025-11-21","2025-11-22","Uber Eats","-85.75","USD","A003_11_export.csv",""
"T00019","A002","2025-07-01 00:00:00","2025-07-02","SW GAS CORP","-134.18","USD","A002_07_export.csv",""
"T00020","A001","2025-05-04","2025-05-06","Trader Joe's","-78.46","USD","A001_05_export.csv",""
"T00021","A005","2025-09-19","2025-09-20","MARRIOTT HOTEL","-431.53","USD","A005_09_export.csv",""
"T00022","A003","2025-10-22","2025-10-23","CHIPOTLE 2841","-31.66","USD","A003_10_export.csv",""
"T00023","A002","2025-08-05 00:00:00","2025-08-06","SMITHS GROCERY 0348","-144.99","USD","A002_08_export.csv",""
"T00024","A003","2025-11-30 00:00:00","2025-12-01","UBER *EATS","-92.99","USD","A003_11_export.csv",""
"T00025","A001","2025-06-03 00:00:00","2025-06-04","DOORDASH*TEMP AUTH","-58.49","USD","A001_06_export.csv",""
"T00026","A004","2025-01-31 00:00:00","2025-02-01","SW GAS CORP","-49.56","USD","A004_01_export.csv",""
"T00027","A004","6/8/2025","2025-06-09","Netflix","-66.61","USD","A004_06_export.csv",""
"T00028","A005","2025-09-08 00:00:00","2025-09-09","NV Energy","-203.05","USD","A005_09_export.csv",""
"T00029","A002","5/12/2025","2025-05-13","LAS VEGAS ATHLETIC CLUB","-57.42","USD","A002_05_export.csv",""
"T00030","A004","6/19/2025","2025-06-20","CHEVRON 0209341","-15.24","USD","A004_06_export.csv","Shopping"
"T00031","A003","2025-07-15","2025-07-16","Costco","-50.49","USD","A003_07_export.csv",""
"T00032","A003","2025-11-02 00:00:00","2025-11-04","NVENERGY PAYMENT","-125.21","USD","A003_11_export.csv",""
"T00033","A005","4/3/2025","2025-04-04","LAS VEGAS ATHLETIC CLUB","-14.23","USD","A005_04_export.csv","Food"
"T00034","A002","12/1/2025","2025-12-03","SOUTHWEST AIR","-631.41","USD","A002_12_export.csv",""
"T00035","A001","2025-07-28","2025-07-29","NV Energy","-91.19","USD","A001_07_export.csv",""
"T00036","A001","2025-10-11","2025-10-12","NETFLIX.COM","-33.03","USD","A001_10_export.csv",""
"T00037","A002","2025-12-13 00:00:00","2025-12-14","Uber","-22.71","USD","A002_12_export.csv",""
"T00038","A001","9/15/2025","2025-09-16","TRADER JOES 124","-99.79","USD","A001_09_export.csv",""
"T00039","A001","2025-03-24","2025-03-26","AMAZON.COM*","-91.63","USD","A001_03_export.csv",""
"T00040","A002","2/14/2025","2025-02-16","Cox Communications","-92.76","USD","A002_02_export.csv",""
"T00041","A002","8/25/2025","2025-08-26","Southwest Gas","-152.46","USD","A002_08_export.csv",""
"T00042","A005","2025-06-19","2025-06-20","SPOTIFY USA","-13.57","USD","A005_06_export.csv",""
"T00043","A001","7/24/2025","2025-07-25","DOORDASH*TEMP AUTH","-93.16","USD","A001_07_export.csv",""
"T00044","A003","10/17/2025","2025-10-18","AIRBNB * HM","-891.43","USD","A003_10_export.csv",""
"T00045","A003","1/15/2025","2025-01-16","UBER *TRIP","-36.38","USD","A003_01_export.csv",""
"T00046","A001","2025-09-18","2025-09-19","Marriott","-947.47","USD","A001_09_export.csv","Shopping"
"T00047","A001","2025-08-22 00:00:00","2025-08-23","Walgreens","-70.57","USD","A001_08_export.csv",""
"T00048","A002","2025-12-11","2025-12-12","CHIPOTLE 2841","-64.72","USD","A002_12_export.csv",""
"T00049","A002","2025-11-14","2025-11-15","Shell","-25.95","USD","A002_11_export.csv",""
"T00050","A004","2025-06-26 00:00:00","2025-06-28","Cox Communications","-88.31","USD","A004_06_export.csv",""
"T00051","A003","2025-07-06","2025-07-08","CVS","-59.11","USD","A003_07_export.csv",""
"T00052","A003","2025-10-20","2025-10-22","Uber Eats","-51.69","USD","A003_10_export.csv",""
"T00053","A005","2/3/2025","2025-02-04","Netflix","-44.16","USD","A005_02_export.csv",""
"T00054","A004","2025-04-10 00:00:00","2025-04-11","UBER *EATS","-101.69","USD","A004_04_export.csv",""
"T00055","A003","2025-05-29","2025-05-30","TRADER JOES 124","-50.46","USD","A003_05_export.csv",""
"T00056","A001","9/18/2025","2025-09-19","LAS VEGAS ATHLETIC CLUB","-25.56","USD","A001_09_export.csv",""
"T00057","A002","2025-03-16 00:00:00","2025-03-17","NIKE LAS VEGAS","-245.63","USD","A002_03_export.csv","Food"
"T00058","A004","3/3/2025","2025-03-04","MARRIOTT HOTEL","-771.74","USD","A004_03_export.csv",""
"T00059","A005","2025-07-20","2025-07-22","NV Energy","-174.7","USD","A005_07_export.csv",""
"T00060","A001","2025-10-01 00:00:00","2025-10-03","COSTCO WHSE #1320","-25.74","USD","A001_10_export.csv",""
"T00061","A004","2025-01-09 00:00:00","2025-01-10","Airbnb","-761.17","USD","A004_01_export.csv",""
"T00062","A005","2025-07-18 00:00:00","2025-07-19","Costco","-114.59","USD","A005_07_export.csv",""
"T00063","A005","12/6/2025","2025-12-07","Airbnb","-882.98","USD","A005_12_export.csv",""
"T00064","A003","5/29/2025","2025-05-31","Target","-185.69","USD","A003_05_export.csv",""
"T00065","A001","2025-10-29","2025-10-30","Amazon","-182.34","USD","A001_10_export.csv",""
"T00066","A003","2025-02-01 00:00:00","2025-02-03","DD *DOORDASH","-61.05","USD","A003_02_export.csv",""
"T00067","A004","7/1/2025","2025-07-03","NV Energy","-114.08","USD","A004_07_export.csv",""
"T00068","A003","7/21/2025","2025-07-22","LVAC","-115.49","USD","A003_07_export.csv",""
"T00069","A002","2025-11-09 00:00:00","2025-11-10","AMC Theatres","-69.77","USD","A002_11_export.csv",""
"T00070","A003","2/14/2025","2025-02-16","AMC 0039 TOWN SQUARE","-45.96","USD","A003_02_export.csv",""
"T00071","A003","11/28/2025","2025-11-29","LAS VEGAS ATHLETIC CLUB","-71.25","USD","A003_11_export.csv","Shopping"
"T00072","A001","2025-09-15 00:00:00","2025-09-16","DOORDASH*TEMP AUTH","-9.71","USD","A001_09_export.csv",""
"T00073","A004","2025-07-30","2025-07-31","Airbnb","-191.34","USD","A004_07_export.csv",""
"T00074","A004","2025-12-30","2025-12-31","Shell","-83","USD","A004_12_export.csv",""
"T00075","A004","12/8/2025","2025-12-09","CVS","-107.04","USD","A004_12_export.csv",""
"T00076","A002","2025-09-18","2025-09-19","TARGET T-2450","-129.91","USD","A002_09_export.csv",""
"T00077","A002","2025-04-01 00:00:00","2025-04-02","MARRIOTT HOTEL","-185.06","USD","A002_04_export.csv",""
"T00078","A001","4/5/2025","2025-04-06","DoorDash","-113.42","USD","A001_04_export.csv",""
"T00079","A005","10/16/2025","2025-10-17","Chevron","-69.85","USD","A005_10_export.csv",""
"T00080","A001","2025-09-30","2025-10-01","SMITHS GROCERY 0348","-175.14","USD","A001_09_export.csv",""
"T00081","A001","2/22/2025","2025-02-23","Nike","-254.14","USD","A001_02_export.csv","Other"
"T00082","A003","2025-06-19 00:00:00","2025-06-21","AIRBNB * HM","-450.4","USD","A003_06_export.csv",""
"T00083","A005","2025-03-17 00:00:00","2025-03-18","Cox Communications","-197.94","USD","A005_03_export.csv","Bills"
"T00084","A002","2025-11-15 00:00:00","2025-11-16","SMITHS GROCERY 0348","-137.42","USD","A002_11_export.csv",""
"T00085","A003","2025-01-11 00:00:00","2025-01-12","Shell","-91.08","USD","A003_01_export.csv",""
"T00086","A005","1/14/2025","2025-01-15","Uber","-71.27","USD","A005_01_export.csv",""
"T00087","A004","6/14/2025","2025-06-15","Chipotle","-109.26","USD","A004_06_export.csv",""
"T00088","A001","11/16/2025","2025-11-17","Spotify","-25.94","USD","A001_11_export.csv",""
"T00089","A001","2025-02-04 00:00:00","2025-02-05","Spotify","-37.63","USD","A001_02_export.csv",""
"T00090","A005","8/19/2025","2025-08-20","COX COMMUNICATIONS","-51.66","USD","A005_08_export.csv",""
"T00091","A001","12/22/2025","2025-12-23","AIRBNB * HM","-945.86","USD","A001_12_export.csv",""
"T00092","A002","5/17/2025","2025-05-18","Uber","-80.79","USD","A002_05_export.csv",""
"T00093","A002","2025-11-27 00:00:00","2025-11-28","NVENERGY PAYMENT","-126.11","USD","A002_11_export.csv",""
"T00094","A005","2025-07-30 00:00:00","2025-07-31","Chipotle","-37.73","USD","A005_07_export.csv",""
"T00095","A004","2025-10-06 00:00:00","2025-10-07","MARRIOTT HOTEL","-677.88","USD","A004_10_export.csv",""
"T00096","A002","2025-05-13","2025-05-14","CVS/PHARMACY #8829","-28.5","USD","A002_05_export.csv",""
"T00097","A003","2025-10-10 00:00:00","2025-10-12","LVAC","-100.54","USD","A003_10_export.csv",""
"T00098","A003","5/4/2025","2025-05-05","Marriott","-356.82","USD","A003_05_export.csv",""
"T00099","A004","2025-05-02","2025-05-03","Marriott","-589.74","USD","A004_05_export.csv",""
"T00100","A004","2025-09-24","2025-09-25","CHIPOTLE 2841","-71.89","USD","A004_09_export.csv","Bills"
"T00101","A002","7/15/2025","2025-07-17","UBER *EATS","-61.1","USD","A002_07_export.csv",""
"T00102","A004","2025-10-22 00:00:00","2025-10-23","Marriott","-445.2","USD","A004_10_export.csv",""
"T00103","A002","2025-09-09 00:00:00","2025-09-11","UBER *EATS","-74.69","USD","A002_09_export.csv",""
"T00104","A001","2025-08-26","2025-08-27","Costco","-92.06","USD","A001_08_export.csv",""
"T00105","A003","9/13/2025","2025-09-14","SHELL OIL 5742","-88.65","USD","A003_09_export.csv",""
"T00106","A001","2025-01-20 00:00:00","2025-01-22","Costco","-143.79","USD","A001_01_export.csv",""
"T00107","A005","2025-05-23 00:00:00","2025-05-25","WALGREENS #04712","-123.06","USD","A005_05_export.csv",""
"T00108","A003","4/8/2025","2025-04-09","Chipotle","-89.16","USD","A003_04_export.csv",""
"T00109","A003","2025-09-02","2025-09-03","Southwest Airlines","-515.46","USD","A003_09_export.csv",""
"T00110","A005","2025-04-15 00:00:00","2025-04-16","SPOTIFY USA","-34.99","USD","A005_04_export.csv",""
"T00111","A003","2025-07-25 00:00:00","2025-07-26","SHELL OIL 5742","-64.98","USD","A003_07_export.csv",""
"T00112","A002","2025-10-14 00:00:00","2025-10-16","COX COMMUNICATIONS","-182.65","USD","A002_10_export.csv",""
"T00113","A004","2/6/2025","2025-02-07","Cox Communications","-195.68","USD","A004_02_export.csv",""
"T00114","A003","2025-04-04","2025-04-05","SW GAS CORP","-148.54","USD","A003_04_export.csv",""
"T00115","A005","7/6/2025","2025-07-07","UBER EATS HELP","-76.8","USD","A005_07_export.csv","Shopping"
"T00116","A002","2025-03-15","2025-03-16","Airbnb","-387.62","USD","A002_03_export.csv","Other"
"T00117","A003","2025-11-26","2025-11-27","AMZN Mktp US*","-62.65","USD","A003_11_export.csv","Bills"
"T00118","A004","2025-02-01","2025-02-02","NVENERGY PAYMENT","-123.46","USD","A004_02_export.csv",""
"T00119","A005","2025-03-10 00:00:00","2025-03-11","AMZN Mktp US*","-165.58","USD","A005_03_export.csv",""
"T00120","A005","2025-03-15","2025-03-16","NVENERGY PAYMENT","-193.77","USD","A005_03_export.csv",""
"T00121","A003","2025-11-07","2025-11-08","COX COMMUNICATIONS","-185.21","USD","A003_11_export.csv",""
"T00122","A005","2025-03-24 00:00:00","2025-03-25","Airbnb","-237.65","USD","A005_03_export.csv",""
"T00123","A002","2025-11-25 00:00:00","2025-11-26","TRADER JOES 124","-104.83","USD","A002_11_export.csv",""
"T00124","A004","2025-12-08 00:00:00","2025-12-10","SOUTHWEST AIR","-949.09","USD","A004_12_export.csv",""
"T00125","A005","2025-01-15","2025-01-16","CHEVRON 0209341","-92.1","USD","A005_01_export.csv",""
"T00126","A001","2025-02-27 00:00:00","2025-02-28","SOUTHWEST AIR","-141.39","USD","A001_02_export.csv",""
"T00127","A002","2025-12-16 00:00:00","2025-12-18","CHIPOTLE 2841","-98.93","USD","A002_12_export.csv",""
"T00128","A003","2025-10-08 00:00:00","2025-10-10","AMC 0039 TOWN SQUARE","-18.61","USD","A003_10_export.csv",""
"T00129","A003","2025-06-09 00:00:00","2025-06-10","COX COMMUNICATIONS","-179.03","USD","A003_06_export.csv",""
"T00130","A003","2025-01-03","2025-01-05","WALGREENS #04712","-19.6","USD","A003_01_export.csv",""
"T00131","A001","2025-05-04","2025-05-05","Cox Communications","-175.34","USD","A001_05_export.csv",""
"T00132","A003","2025-01-15 00:00:00","2025-01-17","Cox Communications","-96.08","USD","A003_01_export.csv",""
"T00133","A001","2025-07-27","2025-07-28","NETFLIX.COM","-58.82","USD","A001_07_export.csv",""
"T00134","A002","2025-09-06","2025-09-08","TARGET T-2450","-103.42","USD","A002_09_export.csv",""
"T00135","A002","5/4/2025","2025-05-05","Trader Joe's","-73.34","USD","A002_05_export.csv",""
"T00136","A002","2025-09-22 00:00:00","2025-09-24","Spotify","-12.97","USD","A002_09_export.csv",""
"T00137","A001","2025-10-06 00:00:00","2025-10-07","AIRBNB * HM","-133.44","USD","A001_10_export.csv",""
"T00138","A004","2025-02-01","2025-02-02","TARGET T-2450","-239.43","USD","A004_02_export.csv",""
"T00139","A001","11/20/2025","2025-11-21","Walgreens","-30.03","USD","A001_11_export.csv","Shopping"
"T00140","A002","10/6/2025","2025-10-07","Smith's","-51.34","USD","A002_10_export.csv",""
"T00141","A005","2025-04-13","2025-04-14","SPOTIFY USA","-66.38","USD","A005_04_export.csv",""
"T00142","A001","2025-08-05","2025-08-07","SW GAS CORP","-228.88","USD","A001_08_export.csv",""
"T00143","A005","2025-09-07 00:00:00","2025-09-08","NIKE LAS VEGAS","-166.25","USD","A005_09_export.csv",""
"T00144","A003","4/28/2025","2025-04-29","Uber","-71.35","USD","A003_04_export.csv",""
"T00145","A002","2025-08-29 00:00:00","2025-08-30","Yard House","-35.52","USD","A002_08_export.csv",""
"T00146","A004","2025-10-16 00:00:00","2025-10-17","SPOTIFY USA","-42.09","USD","A004_10_export.csv",""
"T00147","A003","2025-12-30 00:00:00","2025-12-31","Smith's","-20.99","USD","A003_12_export.csv",""
"T00148","A004","2025-03-01","2025-03-03","YARD HOUSE 8387","-88.02","USD","A004_03_export.csv",""
"T00149","A004","2025-03-21","2025-03-22","COSTCO WHSE #1320","-55.79","USD","A004_03_export.csv","Food"
"T00150","A004","2025-02-04","2025-02-05","CHIPOTLE 2841","-15.14","USD","A004_02_export.csv",""
"T00151","A005","8/16/2025","2025-08-17","Yard House","-87.89","USD","A005_08_export.csv",""
"T00152","A004","2025-01-01 00:00:00","2025-01-02","Nike","-84.06","USD","A004_01_export.csv",""
"T00153","A002","2025-03-15","2025-03-16","NVENERGY PAYMENT","-135.29","USD","A002_03_export.csv",""
"T00154","A002","2025-10-05","2025-10-06","SPOTIFY USA","-55.87","USD","A002_10_export.csv",""
"T00155","A001","2025-02-25 00:00:00","2025-02-26","Walgreens","-102.09","USD","A001_02_export.csv","Bills"
"T00156","A002","5/4/2025","2025-05-05","AMZN Mktp US*","-94.89","USD","A002_05_export.csv",""
"T00157","A004","8/6/2025","2025-08-07","AMC 0039 TOWN SQUARE","-67.64","USD","A004_08_export.csv",""
"T00158","A003","2025-10-10","2025-10-11","WALGREENS #04712","-76.99","USD","A003_10_export.csv",""
"T00159","A001","2025-03-14 00:00:00","2025-03-15","SMITHS #348","-164.92","USD","A001_03_export.csv","Food"
"T00160","A004","2025-12-03 00:00:00","2025-12-04","Trader Joe's","-118.77","USD","A004_12_export.csv",""
"T00161","A004","8/16/2025","2025-08-17","TARGET T-2450","-123.57","USD","A004_08_export.csv",""
"T00162","A001","2025-04-17","2025-04-18","Chevron","-46.91","USD","A001_04_export.csv",""
"T00163","A001","2025-04-15","2025-04-16","UBER *TRIP","-51.49","USD","A001_04_export.csv",""
"T00164","A002","2025-11-08","2025-11-09","SPOTIFY USA","-22.2","USD","A002_11_export.csv",""
"T00165","A002","12/9/2025","2025-12-10","AMAZON.COM*","-120.65","USD","A002_12_export.csv",""
"T00166","A002","2025-05-13","2025-05-14","Uber Eats","-114.42","USD","A002_05_export.csv",""
"T00167","A001","2025-05-21 00:00:00","2025-05-22","Smith's","-176.48","USD","A001_05_export.csv",""
"T00168","A002","8/9/2025","2025-08-11","LVAC","-20.36","USD","A002_08_export.csv",""
"T00169","A004","2025-12-21 00:00:00","2025-12-22","NVENERGY PAYMENT","-77.89","USD","A004_12_export.csv",""
"T00170","A002","7/2/2025","2025-07-03","Yard House","-68.2","USD","A002_07_export.csv",""
"T00171","A004","8/11/2025","2025-08-12","NV Energy","-60.4","USD","A004_08_export.csv",""
"T00172","A004","1/2/2025","2025-01-03","Trader Joe's","-115.54","USD","A004_01_export.csv",""
"T00173","A005","2025-04-08","2025-04-09","Yard House","-88.27","USD","A005_04_export.csv",""
"T00174","A002","2025-11-02 00:00:00","2025-11-03","Amazon","-71.26","USD","A002_11_export.csv",""
"T00175","A001","2025-11-06","2025-11-07","NV Energy","-170.54","USD","A001_11_export.csv",""
"T00176","A004","2025-04-19 00:00:00","2025-04-21","COX COMMUNICATIONS","-124.67","USD","A004_04_export.csv","Shopping"
"T00177","A003","2025-10-07 00:00:00","2025-10-08","AMC Theatres","-32.57","USD","A003_10_export.csv","Bills"
"T00178","A005","2025-08-26 00:00:00","2025-08-27","Amazon","-146.46","USD","A005_08_export.csv",""
"T00179","A005","2025-04-09 00:00:00","2025-04-10","SPOTIFY USA","-37.98","USD","A005_04_export.csv",""
"T00180","A001","2025-01-31","2025-02-01","TARGET T-2450","-125.94","USD","A001_01_export.csv",""
"T00181","A003","2025-12-16 00:00:00","2025-12-17","SOUTHWEST AIR","-873.54","USD","A003_12_export.csv","Bills"
"T00182","A001","2025-02-08 00:00:00","2025-02-09","NETFLIX.COM","-68.66","USD","A001_02_export.csv",""
"T00183","A002","2025-02-28","2025-03-01","COSTCO WHSE #1320","-121.62","USD","A002_02_export.csv","Food"
"T00184","A003","4/13/2025","2025-04-14","SOUTHWEST AIR","-545.92","USD","A003_04_export.csv",""
"T00185","A001","2025-12-18 00:00:00","2025-12-20","SOUTHWEST AIR","-295.66","USD","A001_12_export.csv",""
"T00186","A003","2025-01-13","2025-01-14","Smith's","-119.68","USD","A003_01_export.csv",""
"T00187","A001","2025-01-23 00:00:00","2025-01-24","TRADER JOES 124","-88.43","USD","A001_01_export.csv",""
"T00188","A001","4/2/2025","2025-04-04","LAS VEGAS ATHLETIC CLUB","-102.52","USD","A001_04_export.csv",""
"T00189","A003","2025-05-27 00:00:00","2025-05-28","COX COMMUNICATIONS","-130.22","USD","A003_05_export.csv",""
"T00190","A002","2025-09-08 00:00:00","2025-09-09","Walgreens","-96.91","USD","A002_09_export.csv",""
"T00191","A004","11/13/2025","2025-11-14","SMITHS #348","-74.94","USD","A004_11_export.csv",""
"T00192","A003","5/3/2025","2025-05-04","Marriott","-361.67","USD","A003_05_export.csv",""
"T00193","A005","11/21/2025","2025-11-22","DOORDASH*TEMP AUTH","-55.39","USD","A005_11_export.csv",""
"T00194","A004","1/8/2025","2025-01-09","Shell","-44.86","USD","A004_01_export.csv",""
"T00195","A005","5/8/2025","2025-05-10","CHEVRON 0209341","-63.32","USD","A005_05_export.csv",""
"T00196","A002","2025-03-23","2025-03-24","Southwest Gas","-220.02","USD","A002_03_export.csv",""
"T00197","A005","10/17/2025","2025-10-18","CHEVRON 0209341","-14.14","USD","A005_10_export.csv","Shopping"
"T00198","A002","2025-04-09 00:00:00","2025-04-10","Costco","-47.87","USD","A002_04_export.csv",""
"T00199","A002","2025-03-14","2025-03-15","DOORDASH*TEMP AUTH","-73.04","USD","A002_03_export.csv",""
"T00200","A002","10/22/2025","2025-10-23","Southwest Gas","-105.08","USD","A002_10_export.csv","Food"
"T00201","A003","2025-10-08 00:00:00","2025-10-10","DOORDASH*TEMP AUTH","-49.26","USD","A003_10_export.csv",""
"T00202","A004","2025-11-22 00:00:00","2025-11-23","AMAZON.COM*","-111.21","USD","A004_11_export.csv",""
"T00203","A004","2025-09-25 00:00:00","2025-09-26","DoorDash","-26.96","USD","A004_09_export.csv",""
"T00204","A001","2025-08-05","2025-08-06","SMITHS GROCERY 0348","-188.93","USD","A001_08_export.csv",""
"T00205","A005","2025-12-24","2025-12-26","Smith's","-71.32","USD","A005_12_export.csv",""
"T00206","A003","4/5/2025","2025-04-07","TRADER JOES 124","-160.53","USD","A003_04_export.csv",""
"T00207","A005","2025-03-24","2025-03-25","DoorDash","-63.32","USD","A005_03_export.csv",""
"T00208","A002","2025-05-04 00:00:00","2025-05-05","NVENERGY PAYMENT","-184.2","USD","A002_05_export.csv",""
"T00209","A004","12/12/2025","2025-12-13","Chevron","-61.34","USD","A004_12_export.csv","Other"
"T00210","A005","2025-07-04 00:00:00","2025-07-06","AIRBNB * HM","-662.42","USD","A005_07_export.csv",""
"T00211","A002","11/10/2025","2025-11-11","SMITHS GROCERY 0348","-167.54","USD","A002_11_export.csv",""
"T00212","A005","2025-06-27","2025-06-28","Chevron","-35.14","USD","A005_06_export.csv",""
"T00213","A005","5/26/2025","2025-05-27","Cox Communications","-113.51","USD","A005_05_export.csv","Shopping"
"T00214","A003","8/19/2025","2025-08-20","AMC 0039 TOWN SQUARE","-60.07","USD","A003_08_export.csv",""
"T00215","A005","4/19/2025","2025-04-21","UBER *TRIP","-51.32","USD","A005_04_export.csv","Bills"
"T00216","A004","2025-09-06","2025-09-07","Uber","-59.05","USD","A004_09_export.csv",""
"T00217","A003","2025-10-01","2025-10-02","AMC Theatres","-52.8","USD","A003_10_export.csv",""
"T00218","A001","2025-12-20","2025-12-22","Yard House","-57.77","USD","A001_12_export.csv",""
"T00219","A002","2025-10-08","2025-10-09","NIKE LAS VEGAS","-214.74","USD","A002_10_export.csv",""
"T00220","A005","5/27/2025","2025-05-28","Marriott","-318.74","USD","A005_05_export.csv",""
"T00221","A004","2025-05-04","2025-05-05","Airbnb","-491.23","USD","A004_05_export.csv",""
"T00222","A005","2025-01-27","2025-01-28","CVS","-107.07","USD","A005_01_export.csv","Shopping"
"T00223","A005","9/7/2025","2025-09-08","Target","-106.81","USD","A005_09_export.csv","Other"
"T00224","A003","2025-07-10","2025-07-11","SOUTHWEST AIR","-308.66","USD","A003_07_export.csv",""
"T00225","A002","2025-06-19","2025-06-20","Uber","-77.42","USD","A002_06_export.csv","Shopping"
"T00226","A005","2025-09-17 00:00:00","2025-09-18","WALGREENS #04712","-49.96","USD","A005_09_export.csv","Food"
"T00227","A004","2025-06-22 00:00:00","2025-06-23","Yard House","-69.44","USD","A004_06_export.csv",""
"T00228","A003","2025-08-04 00:00:00","2025-08-05","Trader Joe's","-165.1","USD","A003_08_export.csv",""
"T00229","A004","2025-01-29","2025-01-30","SPOTIFY USA","-53.34","USD","A004_01_export.csv","Shopping"
"T00230","A003","2025-03-02 00:00:00","2025-03-04","Nike","-239.44","USD","A003_03_export.csv",""
"T00231","A004","8/22/2025","2025-08-23","Airbnb","-509.14","USD","A004_08_export.csv",""
"T00232","A005","2025-03-15 00:00:00","2025-03-16","SMITHS #348","-152.57","USD","A005_03_export.csv",""
"T00233","A005","2025-12-07 00:00:00","2025-12-08","AIRBNB * HM","-308.61","USD","A005_12_export.csv","Other"
"T00234","A002","8/27/2025","2025-08-28","Marriott","-613.39","USD","A002_08_export.csv","Bills"
"T00235","A004","2025-08-08 00:00:00","2025-08-09","Trader Joe's","-28.44","USD","A004_08_export.csv",""
"T00236","A002","2025-12-04","2025-12-05","CVS","-81.09","USD","A002_12_export.csv",""
"T00237","A003","2025-12-12","2025-12-14","COX COMMUNICATIONS","-106.25","USD","A003_12_export.csv",""
"T00238","A003","2025-08-13 00:00:00","2025-08-14","NETFLIX.COM","-15.59","USD","A003_08_export.csv","Shopping"
"T00239","A001","2025-04-15 00:00:00","2025-04-16","Walgreens","-36.33","USD","A001_04_export.csv",""
"T00240","A003","9/12/2025","2025-09-13","Yard House","-58.71","USD","A003_09_export.csv",""
"T00241","A005","2025-11-12","2025-11-13","WALGREENS #04712","-32.65","USD","A005_11_export.csv",""
"T00242","A002","2025-01-13","2025-01-14","COSTCO WHSE #1320","-53.33","USD","A002_01_export.csv","Shopping"
"T00243","A002","2025-09-13 00:00:00","2025-09-14","UBER *TRIP","-63.5","USD","A002_09_export.csv",""
"T00244","A004","2025-12-05","2025-12-06","Marriott","-162.43","USD","A004_12_export.csv",""
"T00245","A004","2025-05-03 00:00:00","2025-05-04","CHIPOTLE 2841","-57.63","USD","A004_05_export.csv",""
"T00246","A004","2025-06-03 00:00:00","2025-06-04","COX COMMUNICATIONS","-225.97","USD","A004_06_export.csv","Shopping"
"T00247","A003","2/19/2025","2025-02-21","UBER *TRIP","-60.31","USD","A003_02_export.csv","Food"
"T00248","A002","2025-03-28 00:00:00","2025-03-29","SOUTHWEST AIR","-938.8","USD","A002_03_export.csv",""
"T00249","A001","2025-03-19 00:00:00","2025-03-21","Yard House","-31.62","USD","A001_03_export.csv",""
"T00250","A001","2025-10-16 00:00:00","2025-10-18","SW GAS CORP","-68.74","USD","A001_10_export.csv",""
"T00251","A001","2025-09-13","2025-09-14","CVS/PHARMACY #8829","-60.15","USD","A001_09_export.csv",""
"T00252","A001","2/1/2025","2025-02-02","NIKE LAS VEGAS","-139.72","USD","A001_02_export.csv",""
"T00253","A005","2025-04-01 00:00:00","2025-04-02","WALGREENS #04712","-10.86","USD","A005_04_export.csv",""
"T00254","A003","2025-07-10 00:00:00","2025-07-11","CVS/PHARMACY #8829","-102.31","USD","A003_07_export.csv",""
"T00255","A001","2025-11-27 00:00:00","2025-11-28","COSTCO WHSE #1320","-160.25","USD","A001_11_export.csv",""
"T00256","A003","2025-10-13 00:00:00","2025-10-14","Shell","-79.58","USD","A003_10_export.csv",""
"T00257","A005","2025-04-07 00:00:00","2025-04-09","Netflix","-42.52","USD","A005_04_export.csv",""
"T00258","A004","12/27/2025","2025-12-28","Shell","-83.09","USD","A004_12_export.csv",""
"T00259","A005","2025-01-27","2025-01-29","NV Energy","-141.86","USD","A005_01_export.csv",""
"T00260","A002","2025-12-22 00:00:00","2025-12-23","COSTCO WHSE #1320","-148.36","USD","A002_12_export.csv",""
"T00261","A002","2025-04-28 00:00:00","2025-04-29","AMZN Mktp US*","-129.74","USD","A002_04_export.csv","Food"
"T00262","A004","2025-02-22","2025-02-24","Trader Joe's","-54.5","USD","A004_02_export.csv",""
"T00263","A003","2025-09-10 00:00:00","2025-09-12","NETFLIX.COM","-48.71","USD","A003_09_export.csv","Food"
"T00264","A004","2025-08-26 00:00:00","2025-08-27","LVAC","-120.99","USD","A004_08_export.csv",""
"T00265","A002","2025-11-02","2025-11-03","CVS","-111.8","USD","A002_11_export.csv",""
"T00266","A001","12/31/2025","2026-01-02","Spotify","-13.04","USD","A001_12_export.csv",""
"T00267","A002","2025-09-02","2025-09-04","Southwest Airlines","-530.12","USD","A002_09_export.csv",""
"T00268","A002","6/30/2025","2025-07-01","Southwest Gas","-139.63","USD","A002_06_export.csv",""
"T00269","A004","2025-01-26 00:00:00","2025-01-28","Walgreens","-13.37","USD","A004_01_export.csv",""
"T00270","A003","4/12/2025","2025-04-13","COX COMMUNICATIONS","-222.85","USD","A003_04_export.csv",""
"T00271","A003","2025-09-23 00:00:00","2025-09-24","Nike","-159.13","USD","A003_09_export.csv",""
"T00272","A003","2025-03-04","2025-03-05","Yard House","-84.88","USD","A003_03_export.csv","Bills"
"T00273","A004","2025-04-08","2025-04-09","CVS/PHARMACY #8829","-36.82","USD","A004_04_export.csv",""
"T00274","A004","2025-04-24","2025-04-26","Smith's","-165.63","USD","A004_04_export.csv",""
"T00275","A001","2025-11-25","2025-11-27","Chevron","-13.45","USD","A001_11_export.csv","Food"
"T00276","A002","1/27/2025","2025-01-28","COSTCO WHSE #1320","-56.16","USD","A002_01_export.csv",""
"T00277","A004","7/26/2025","2025-07-27","NV Energy","-149.69","USD","A004_07_export.csv","Bills"
"T00278","A002","2025-08-27 00:00:00","2025-08-28","COSTCO WHSE #1320","-38.37","USD","A002_08_export.csv",""
"T00279","A002","12/26/2025","2025-12-28","Southwest Gas","-146.01","USD","A002_12_export.csv",""
"T00280","A004","2025-08-06","2025-08-07","MARRIOTT HOTEL","-341.1","USD","A004_08_export.csv","Shopping"
"T00281","A002","9/12/2025","2025-09-14","Uber Eats","-20.3","USD","A002_09_export.csv",""
"T00282","A002","2025-08-16 00:00:00","2025-08-17","CVS","-15.55","USD","A002_08_export.csv",""
"T00283","A004","11/15/2025","2025-11-16","MARRIOTT HOTEL","-516.4","USD","A004_11_export.csv",""
"T00284","A003","2025-08-25","2025-08-26","AMC Theatres","-26.29","USD","A003_08_export.csv",""
"T00285","A001","2025-11-03 00:00:00","2025-11-04","Smith's","-62.99","USD","A001_11_export.csv",""
"T00286","A003","12/27/2025","2025-12-28","TRADER JOES 124","-158.93","USD","A003_12_export.csv",""
"T00287","A005","2025-05-25 00:00:00","2025-05-26","WALGREENS #04712","-87.8","USD","A005_05_export.csv",""
"T00288","A002","1/24/2025","2025-01-26","Target","-143.25","USD","A002_01_export.csv",""
"T00289","A001","2025-02-07","2025-02-08","CHEVRON 0209341","-70.06","USD","A001_02_export.csv","Shopping"
"T00290","A005","2025-09-09","2025-09-10","AIRBNB * HM","-792.44","USD","A005_09_export.csv","Food"
"T00291","A002","2025-11-07","2025-11-09","Shell","-85.28","USD","A002_11_export.csv",""
"T00292","A003","2025-02-24 00:00:00","2025-02-26","CVS/PHARMACY #8829","-44.55","USD","A003_02_export.csv",""
"T00293","A005","2025-04-02 00:00:00","2025-04-04","Shell","-49.88","USD","A005_04_export.csv","Shopping"
"T00294","A001","2025-12-22","2025-12-23","MARRIOTT HOTEL","-490.49","USD","A001_12_export.csv",""
"T00295","A005","8/1/2025","2025-08-02","Spotify","-33.04","USD","A005_08_export.csv",""
"T00296","A003","2025-08-02 00:00:00","2025-08-03","NETFLIX.COM","-49.02","USD","A003_08_export.csv",""
"T00297","A004","7/15/2025","2025-07-16","SW GAS CORP","-166.16","USD","A004_07_export.csv",""
"T00298","A005","8/5/2025","2025-08-06","Nike","-205.1","USD","A005_08_export.csv",""
"T00299","A003","5/24/2025","2025-05-25","SMITHS GROCERY 0348","-139.73","USD","A003_05_export.csv",""
"T00300","A005","2025-10-24 00:00:00","2025-10-25","TARGET T-2450","-254.47","USD","A005_10_export.csv",""
"T00301","A003","1/17/2025","2025-01-18","Chevron","-75.8","USD","A003_01_export.csv",""
"T00302","A001","2025-09-27","2025-09-29","CVS","-47.96","USD","A001_09_export.csv",""
"T00303","A001","10/20/2025","2025-10-21","SPOTIFY USA","-41.55","USD","A001_10_export.csv",""
"T00304","A001","6/12/2025","2025-06-14","LVAC","-17.05","USD","A001_06_export.csv","Food"
"T00305","A005","2025-04-30 00:00:00","2025-05-01","AMC 0039 TOWN SQUARE","-60.26","USD","A005_04_export.csv","Food"
"T00306","A004","2025-02-08 00:00:00","2025-02-09","TARGET T-2450","-115.96","USD","A004_02_export.csv",""
"T00307","A001","2025-10-13","2025-10-14","AMC Theatres","-52.5","USD","A001_10_export.csv",""
"T00308","A002","2025-04-20","2025-04-21","Uber Eats","-22.59","USD","A002_04_export.csv",""
"T00309","A005","2025-02-20","2025-02-22","AIRBNB * HM","-632.83","USD","A005_02_export.csv",""
"T00310","A003","2025-11-03 00:00:00","2025-11-04","COX COMMUNICATIONS","-58.15","USD","A003_11_export.csv",""
"T00311","A002","3/17/2025","2025-03-18","UBER *TRIP","-17.37","USD","A002_03_export.csv",""
"T00312","A004","2025-11-27","2025-11-28","WALGREENS #04712","-85.96","USD","A004_11_export.csv",""
"T00313","A005","10/20/2025","2025-10-21","Airbnb","-348.65","USD","A005_10_export.csv",""
"T00314","A003","2025-05-13","2025-05-14","Yard House","-17.74","USD","A003_05_export.csv",""
"T00315","A001","1/8/2025","2025-01-09","NIKE LAS VEGAS","-82.59","USD","A001_01_export.csv",""
"T00316","A003","2025-10-16","2025-10-17","Uber","-93.95","USD","A003_10_export.csv",""
"T00317","A003","2025-12-07 00:00:00","2025-12-08","SPOTIFY USA","-66.96","USD","A003_12_export.csv",""
"T00318","A002","4/30/2025","2025-05-02","DoorDash","-63.69","USD","A002_04_export.csv",""
"T00319","A001","6/3/2025","2025-06-05","LVAC","-68.78","USD","A001_06_export.csv",""
"T00320","A002","2025-05-06 00:00:00","2025-05-07","SW GAS CORP","-163.82","USD","A002_05_export.csv",""
"T00321","A001","2025-01-26","2025-01-28","UBER *TRIP","-56.77","USD","A001_01_export.csv","Bills"
"T00322","A001","6/26/2025","2025-06-27","AIRBNB * HM","-946.98","USD","A001_06_export.csv",""
"T00323","A005","2025-03-08","2025-03-09","AMC Theatres","-57.07","USD","A005_03_export.csv",""
"T00324","A003","7/6/2025","2025-07-08","NVENERGY PAYMENT","-107.37","USD","A003_07_export.csv","Other"
"T00325","A003","2025-12-27","2025-12-28","Spotify","-13.26","USD","A003_12_export.csv",""
"T00326","A005","2025-09-16 00:00:00","2025-09-18","Spotify","-21.53","USD","A005_09_export.csv",""
"T00327","A001","5/19/2025","2025-05-20","UBER EATS HELP","-91.2","USD","A001_05_export.csv",""
"T00328","A002","2025-04-28","2025-04-29","SMITHS GROCERY 0348","-70.19","USD","A002_04_export.csv","Other"
"T00329","A001","2025-06-16 00:00:00","2025-06-18","AIRBNB * HM","-393.6","USD","A001_06_export.csv",""
"T00330","A002","2025-01-25","2025-01-26","TARGET T-2450","-75.21","USD","A002_01_export.csv",""
"T00331","A003","7/30/2025","2025-07-31","Trader Joe's","-72.19","USD","A003_07_export.csv",""
"T00332","A002","2025-03-22 00:00:00","2025-03-23","Costco","-185.8","USD","A002_03_export.csv",""
"T00333","A004","3/15/2025","2025-03-16","SPOTIFY USA","-59.98","USD","A004_03_export.csv",""
"T00334","A001","2025-07-12 00:00:00","2025-07-14","COSTCO WHSE #1320","-188.45","USD","A001_07_export.csv",""
"T00335","A004","2025-08-07 00:00:00","2025-08-08","SHELL OIL 5742","-41.11","USD","A004_08_export.csv",""
"T00336","A004","2025-06-27","2025-06-29","NIKE LAS VEGAS","-132.29","USD","A004_06_export.csv",""
"T00337","A003","2025-05-07 00:00:00","2025-05-08","CVS","-20.03","USD","A003_05_export.csv",""
"T00338","A002","9/14/2025","2025-09-15","NETFLIX.COM","-56.37","USD","A002_09_export.csv",""
"T00339","A004","6/7/2025","2025-06-09","AMZN Mktp US*","-75.7","USD","A004_06_export.csv",""
"T00340","A004","2025-10-07 00:00:00","2025-10-09","CHEVRON 0209341","-20.09","USD","A004_10_export.csv",""
"T00341","A002","5/27/2025","2025-05-28","YARD HOUSE 8387","-68.54","USD","A002_05_export.csv",""
"T00342","A004","7/15/2025","2025-07-17","Smith's","-112.42","USD","A004_07_export.csv","Other"
"T00343","A002","2025-03-08","2025-03-09","UBER *EATS","-22.4","USD","A002_03_export.csv",""
"T00344","A004","2025-11-03","2025-11-04","TARGET T-2450","-60.11","USD","A004_11_export.csv",""
"T00345","A001","2025-11-23 00:00:00","2025-11-24","NV Energy","-120.29","USD","A001_11_export.csv",""
"T00346","A004","5/17/2025","2025-05-18","SOUTHWEST AIR","-516.78","USD","A004_05_export.csv",""
"T00347","A003","2025-01-26 00:00:00","2025-01-28","Chevron","-10.64","USD","A003_01_export.csv",""
"T00348","A004","2/1/2025","2025-02-02","Costco","-122.28","USD","A004_02_export.csv",""
"T00349","A002","11/22/2025","2025-11-23","NV Energy","-96.26","USD","A002_11_export.csv","Food"
"T00350","A003","2025-01-05","2025-01-06","Marriott","-590.19","USD","A003_01_export.csv",""
"T00351","A003","2025-11-20 00:00:00","2025-11-21","SW GAS CORP","-72.77","USD","A003_11_export.csv",""
"T00352","A001","2025-03-12","2025-03-13","CHIPOTLE 2841","-43.01","USD","A001_03_export.csv",""
"T00353","A002","2025-01-19","2025-01-20","DOORDASH*TEMP AUTH","-68.16","USD","A002_01_export.csv",""
"T00354","A002","1/13/2025","2025-01-14","Walgreens","-59.75","USD","A002_01_export.csv",""
"T00355","A003","10/10/2025","2025-10-11","SMITHS #348","-188.74","USD","A003_10_export.csv",""
"T00356","A001","2025-06-26 00:00:00","2025-06-27","SMITHS GROCERY 0348","-137.23","USD","A001_06_export.csv",""
"T00357","A002","2025-12-14 00:00:00","2025-12-16","SW GAS CORP","-235.16","USD","A002_12_export.csv",""
"T00358","A005","2025-06-19","2025-06-20","Smith's","-54.91","USD","A005_06_export.csv",""
"T00359","A004","2025-10-03 00:00:00","2025-10-04","MARRIOTT HOTEL","-416.95","USD","A004_10_export.csv",""
"T00360","A004","2025-03-10","2025-03-12","Cox Communications","-216.9","USD","A004_03_export.csv",""
"T00361","A003","8/30/2025","2025-09-01","Walgreens","-64.13","USD","A003_08_export.csv","Other"
"T00362","A005","2025-06-10","2025-06-11","Nike","-67.44","USD","A005_06_export.csv",""
"T00363","A004","3/6/2025","2025-03-07","CVS","-116.62","USD","A004_03_export.csv",""
"T00364","A002","2025-11-25 00:00:00","2025-11-26","YARD HOUSE 8387","-20.9","USD","A002_11_export.csv","Shopping"
"T00365","A004","2025-03-24","2025-03-25","Airbnb","-354.17","USD","A004_03_export.csv","Bills"
"T00366","A002","2025-12-28 00:00:00","2025-12-30","NV Energy","-131.03","USD","A002_12_export.csv",""
"T00367","A002","2025-02-15 00:00:00","2025-02-16","Uber Eats","-106.33","USD","A002_02_export.csv",""
"T00368","A005","2025-04-10","2025-04-11","Costco","-36.99","USD","A005_04_export.csv",""
"T00369","A003","2025-04-04","2025-04-05","Trader Joe's","-178.62","USD","A003_04_export.csv",""
"T00370","A001","7/31/2025","2025-08-02","SOUTHWEST AIR","-816.01","USD","A001_07_export.csv",""
"T00371","A004","2025-04-02 00:00:00","2025-04-03","Shell","-33.53","USD","A004_04_export.csv",""
"T00372","A004","2025-09-14 00:00:00","2025-09-16","LAS VEGAS ATHLETIC CLUB","-48.24","USD","A004_09_export.csv",""
"T00373","A003","2025-05-21","2025-05-22","Cox Communications","-143.63","USD","A003_05_export.csv",""
"T00374","A003","2025-02-02 00:00:00","2025-02-03","WALGREENS #04712","-44.4","USD","A003_02_export.csv",""
"T00375","A003","2025-05-31","2025-06-01","Shell","-38.19","USD","A003_05_export.csv",""
"T00376","A004","2025-09-17 00:00:00","2025-09-18","Uber","-12.26","USD","A004_09_export.csv",""
"T00377","A001","2025-10-01","2025-10-02","Airbnb","-711.71","USD","A001_10_export.csv",""
"T00378","A004","2025-09-17 00:00:00","2025-09-18","AMZN Mktp US*","-230.72","USD","A004_09_export.csv",""
"T00379","A001","2025-01-24","2025-01-25","Shell","-37.36","USD","A001_01_export.csv",""
"T00380","A005","11/20/2025","2025-11-21","NVENERGY PAYMENT","-116.21","USD","A005_11_export.csv",""
"T00381","A001","11/3/2025","2025-11-04","Target","-249.62","USD","A001_11_export.csv","Bills"
"T00382","A001","2025-05-07","2025-05-08","UBER *TRIP","-94.53","USD","A001_05_export.csv",""
"T00383","A003","2025-08-04 00:00:00","2025-08-05","AIRBNB * HM","-866.07","USD","A003_08_export.csv",""
"T00384","A004","2025-09-06 00:00:00","2025-09-07","TRADER JOES 124","-43.33","USD","A004_09_export.csv",""
"T00385","A001","2025-12-19","2025-12-20","Uber","-15.34","USD","A001_12_export.csv",""
"T00386","A002","2025-02-05 00:00:00","2025-02-06","Trader Joe's","-171.69","USD","A002_02_export.csv",""
"T00387","A002","2025-01-10 00:00:00","2025-01-12","AMC Theatres","-30.27","USD","A002_01_export.csv",""
"T00388","A003","7/24/2025","2025-07-25","Chipotle","-87.71","USD","A003_07_export.csv",""
"T00389","A001","10/8/2025","2025-10-09","SW GAS CORP","-198.05","USD","A001_10_export.csv",""
"T00390","A001","2025-02-07 00:00:00","2025-02-08","Southwest Airlines","-447.65","USD","A001_02_export.csv",""
"T00391","A005","2025-06-23","2025-06-24","SMITHS GROCERY 0348","-67.49","USD","A005_06_export.csv",""
"T00392","A001","2025-05-05","2025-05-07","TRADER JOES 124","-157.3","USD","A001_05_export.csv",""
"T00393","A002","2025-02-05","2025-02-06","DD *DOORDASH","-22.25","USD","A002_02_export.csv","Shopping"
"T00394","A005","12/19/2025","2025-12-20","YARD HOUSE 8387","-61.44","USD","A005_12_export.csv",""
"T00395","A003","1/4/2025","2025-01-05","CVS/PHARMACY #8829","-37.95","USD","A003_01_export.csv",""
"T00396","A005","2025-01-08","2025-01-10","YARD HOUSE 8387","-78.93","USD","A005_01_export.csv",""
"T00397","A002","2025-09-28 00:00:00","2025-09-29","TARGET T-2450","-34.9","USD","A002_09_export.csv","Food"
"T00398","A005","2025-05-10","2025-05-12","Airbnb","-180.49","USD","A005_05_export.csv","Bills"
"T00399","A005","1/7/2025","2025-01-08","TRADER JOES 124","-172.52","USD","A005_01_export.csv",""
"T00400","A004","2025-02-14","2025-02-15","Marriott","-480.87","USD","A004_02_export.csv","Bills"
"T00401","A005","2025-02-25 00:00:00","2025-02-26","Southwest Gas","-85.51","USD","A005_02_export.csv",""
"T00402","A005","4/22/2025","2025-04-23","Southwest Airlines","-716.55","USD","A005_04_export.csv",""
"T00403","A001","2025-10-10 00:00:00","2025-10-11","TRADER JOES 124","-66.43","USD","A001_10_export.csv",""
"T00404","A005","3/21/2025","2025-03-23","NIKE LAS VEGAS","-94.24","USD","A005_03_export.csv",""
"T00405","A004","2025-06-10","2025-06-11","SOUTHWEST AIR","-362.74","USD","A004_06_export.csv",""
"T00406","A001","2025-05-23 00:00:00","2025-05-24","NV Energy","-233.36","USD","A001_05_export.csv",""
"T00407","A001","6/19/2025","2025-06-20","Walgreens","-81.06","USD","A001_06_export.csv",""
"T00408","A003","11/20/2025","2025-11-22","COSTCO WHSE #1320","-33","USD","A003_11_export.csv",""
"T00409","A001","2025-04-13","2025-04-14","SHELL OIL 5742","-35.99","USD","A001_04_export.csv",""
"T00410","A001","2025-03-13 00:00:00","2025-03-14","COX COMMUNICATIONS","-220.58","USD","A001_03_export.csv",""
"T00411","A005","2025-01-26","2025-01-27","AMC 0039 TOWN SQUARE","-17.26","USD","A005_01_export.csv","Food"
"T00412","A001","2025-06-16","2025-06-18","WALGREENS #04712","-101.63","USD","A001_06_export.csv",""
"T00413","A003","6/10/2025","2025-06-11","Yard House","-31.29","USD","A003_06_export.csv",""
"T00414","A002","2025-07-04","2025-07-05","WALGREENS #04712","-45.16","USD","A002_07_export.csv","Food"
"T00415","A004","2025-05-29","2025-05-30","MARRIOTT HOTEL","-931.12","USD","A004_05_export.csv",""
"T00416","A001","2025-08-25 00:00:00","2025-08-27","SHELL OIL 5742","-67.8","USD","A001_08_export.csv",""
"T00417","A002","2025-01-24","2025-01-25","Southwest Gas","-222.42","USD","A002_01_export.csv",""
"T00418","A004","2025-10-23 00:00:00","2025-10-25","Costco","-107.1","USD","A004_10_export.csv","Food"
"T00419","A005","2025-05-21","2025-05-22","CHIPOTLE 2841","-92.57","USD","A005_05_export.csv",""
"T00420","A001","2025-02-07","2025-02-09","AMZN Mktp US*","-142.51","USD","A001_02_export.csv","Bills"
"T00421","A004","2025-03-18","2025-03-19","SHELL OIL 5742","-54.98","USD","A004_03_export.csv",""
"T00422","A001","2025-08-22 00:00:00","2025-08-23","Spotify","-32.75","USD","A001_08_export.csv","Shopping"
"T00423","A005","2025-12-25 00:00:00","2025-12-26","Airbnb","-280.62","USD","A005_12_export.csv",""
"T00424","A004","2025-02-02 00:00:00","2025-02-04","SW GAS CORP","-66.02","USD","A004_02_export.csv",""
"T00425","A001","2025-08-29","2025-08-30","NETFLIX.COM","-54.34","USD","A001_08_export.csv",""
"T00426","A004","2025-02-20","2025-02-21","CVS","-30.56","USD","A004_02_export.csv",""
"T00427","A004","2025-11-20 00:00:00","2025-11-21","SMITHS #348","-125.54","USD","A004_11_export.csv",""
"T00428","A001","2025-06-18 00:00:00","2025-06-19","WALGREENS #04712","-22.99","USD","A001_06_export.csv",""
"T00429","A003","2025-08-20 00:00:00","2025-08-21","Walgreens","-93.9","USD","A003_08_export.csv",""
"T00430","A002","2025-05-09 00:00:00","2025-05-10","Southwest Airlines","-176.32","USD","A002_05_export.csv",""
"T00431","A004","10/3/2025","2025-10-04","NETFLIX.COM","-46.72","USD","A004_10_export.csv",""
"T00432","A004","2025-03-23 00:00:00","2025-03-24","Cox Communications","-53.06","USD","A004_03_export.csv",""
"T00433","A004","2025-04-25","2025-04-26","Shell","-13.22","USD","A004_04_export.csv",""
"T00434","A001","2025-12-03 00:00:00","2025-12-04","Amazon","-89.24","USD","A001_12_export.csv","Shopping"
"T00435","A004","2025-01-07","2025-01-08","Uber Eats","-43.15","USD","A004_01_export.csv",""
"T00436","A001","1/19/2025","2025-01-20","SMITHS GROCERY 0348","-102.53","USD","A001_01_export.csv",""
"T00437","A004","2025-04-25","2025-04-26","LAS VEGAS ATHLETIC CLUB","-57.17","USD","A004_04_export.csv",""
"T00438","A005","2025-10-30","2025-11-01","LVAC","-44.37","USD","A005_10_export.csv",""
"T00439","A001","1/25/2025","2025-01-26","DD *DOORDASH","-58.19","USD","A001_01_export.csv","Shopping"
"T00440","A003","2025-07-01","2025-07-02","SMITHS GROCERY 0348","-33.08","USD","A003_07_export.csv",""
"T00441","A002","2025-04-27 00:00:00","2025-04-28","SPOTIFY USA","-56.9","USD","A002_04_export.csv",""
"T00442","A001","12/15/2025","2025-12-17","NIKE LAS VEGAS","-109.86","USD","A001_12_export.csv",""
"T00443","A002","4/28/2025","2025-04-30","AMC 0039 TOWN SQUARE","-35.8","USD","A002_04_export.csv",""
"T00444","A003","2025-06-12 00:00:00","2025-06-13","TRADER JOES 124","-157.66","USD","A003_06_export.csv",""
"T00445","A002","2025-07-02 00:00:00","2025-07-04","Uber","-37.69","USD","A002_07_export.csv",""
"T00446","A004","2025-06-22 00:00:00","2025-06-24","Target","-170.2","USD","A004_06_export.csv",""
"T00447","A003","11/2/2025","2025-11-03","COX COMMUNICATIONS","-111.45","USD","A003_11_export.csv",""
"T00448","A004","9/17/2025","2025-09-18","NIKE LAS VEGAS","-29.66","USD","A004_09_export.csv","Bills"
"T00449","A004","2025-08-09","2025-08-10","Walgreens","-99.45","USD","A004_08_export.csv",""
"T00450","A005","2025-02-19","2025-02-20","COX COMMUNICATIONS","-125.21","USD","A005_02_export.csv",""
"T00451","A005","2025-12-05","2025-12-07","NV Energy","-88.9","USD","A005_12_export.csv",""
"T00452","A001","10/9/2025","2025-10-11","CVS","-25.67","USD","A001_10_export.csv","Food"
"T00453","A003","2025-02-12","2025-02-13","SW GAS CORP","-239.75","USD","A003_02_export.csv",""
"T00454","A003","2025-10-31","2025-11-02","Cox Communications","-76.56","USD","A003_10_export.csv","Bills"
"T00455","A003","2025-04-02 00:00:00","2025-04-03","UBER *TRIP","-32.66","USD","A003_04_export.csv",""
"T00456","A001","2025-08-31","2025-09-02","Target","-122.39","USD","A001_08_export.csv",""
"T00457","A001","2025-12-21 00:00:00","2025-12-22","COX COMMUNICATIONS","-178.48","USD","A001_12_export.csv",""
"T00458","A001","9/14/2025","2025-09-16","AMAZON.COM*","-199.89","USD","A001_09_export.csv",""
"T00459","A003","2025-09-27","2025-09-28","Netflix","-23.5","USD","A003_09_export.csv",""
"T00460","A005","2025-03-13 00:00:00","2025-03-14","Target","-104.9","USD","A005_03_export.csv",""
"T00461","A005","2025-09-01","2025-09-02","CVS/PHARMACY #8829","-69.96","USD","A005_09_export.csv",""
"T00462","A001","2025-08-23","2025-08-24","SPOTIFY USA","-22.41","USD","A001_08_export.csv",""
"T00463","A002","2025-04-11 00:00:00","2025-04-12","SPOTIFY USA","-33.12","USD","A002_04_export.csv",""
"T00464","A004","2025-05-24","2025-05-26","Smith's","-156.86","USD","A004_05_export.csv",""
"T00465","A002","2025-06-26","2025-06-28","Uber","-41.82","USD","A002_06_export.csv",""
"T00466","A004","2025-05-08","2025-05-09","Yard House","-42.25","USD","A004_05_export.csv",""
"T00467","A002","2025-04-02","2025-04-04","CHEVRON 0209341","-71.63","USD","A002_04_export.csv",""
"T00468","A003","6/20/2025","2025-06-21","SOUTHWEST AIR","-812.68","USD","A003_06_export.csv",""
"T00469","A005","2025-12-09 00:00:00","2025-12-10","UBER *TRIP","-94.05","USD","A005_12_export.csv",""
"T00470","A004","2025-11-09 00:00:00","2025-11-10","Costco","-78.35","USD","A004_11_export.csv",""
"T00471","A004","2025-06-03","2025-06-05","TRADER JOES 124","-47.33","USD","A004_06_export.csv",""
"T00472","A002","2025-01-09 00:00:00","2025-01-10","COX COMMUNICATIONS","-182.82","USD","A002_01_export.csv",""
"T00473","A004","2025-12-30 00:00:00","2025-12-31","Marriott","-424.43","USD","A004_12_export.csv",""
"T00474","A001","2025-04-29","2025-05-01","Target","-69.9","USD","A001_04_export.csv","Food"
"T00475","A003","10/11/2025","2025-10-12","YARD HOUSE 8387","-82.76","USD","A003_10_export.csv",""
"T00476","A004","2025-03-10","2025-03-11","Amazon","-156.28","USD","A004_03_export.csv",""
"T00477","A003","2025-08-22 00:00:00","2025-08-23","AIRBNB * HM","-735.26","USD","A003_08_export.csv",""
"T00478","A001","2025-03-30 00:00:00","2025-03-31","CHEVRON 0209341","-83.61","USD","A001_03_export.csv",""
"T00479","A003","2025-09-16 00:00:00","2025-09-18","AIRBNB * HM","-603.33","USD","A003_09_export.csv",""
"T00480","A001","2025-09-21 00:00:00","2025-09-22","Costco","-147.37","USD","A001_09_export.csv",""
"T00481","A005","6/13/2025","2025-06-14","SHELL OIL 5742","-86.46","USD","A005_06_export.csv",""
"T00482","A003","5/27/2025","2025-05-28","Cox Communications","-70.55","USD","A003_05_export.csv",""
"T00483","A002","2025-10-31","2025-11-01","MARRIOTT HOTEL","-376.06","USD","A002_10_export.csv",""
"T00484","A003","2025-10-10 00:00:00","2025-10-11","AMC Theatres","-30.45","USD","A003_10_export.csv",""
"T00485","A003","2025-08-14","2025-08-16","CVS/PHARMACY #8829","-10.72","USD","A003_08_export.csv",""
"T00486","A005","2025-05-26","2025-05-27","NV Energy","-237.54","USD","A005_05_export.csv",""
"T00487","A003","7/16/2025","2025-07-17","AIRBNB * HM","-752.31","USD","A003_07_export.csv",""
"T00488","A001","2025-04-26 00:00:00","2025-04-27","NETFLIX.COM","-43.36","USD","A001_04_export.csv","Other"
"T00489","A005","6/2/2025","2025-06-03","WALGREENS #04712","-29.42","USD","A005_06_export.csv",""
"T00490","A002","1/24/2025","2025-01-25","CVS/PHARMACY #8829","-33.15","USD","A002_01_export.csv",""
"T00491","A004","2025-02-17 00:00:00","2025-02-18","SMITHS GROCERY 0348","-159.12","USD","A004_02_export.csv",""
"T00492","A003","2025-02-07","2025-02-08","WALGREENS #04712","-30.09","USD","A003_02_export.csv",""
"T00493","A005","2025-12-12","2025-12-13","Target","-171.91","USD","A005_12_export.csv",""
"T00494","A001","2025-06-07 00:00:00","2025-06-08","CHEVRON 0209341","-90.06","USD","A001_06_export.csv",""
"T00495","A003","2025-08-01 00:00:00","2025-08-02","WALGREENS #04712","-106.93","USD","A003_08_export.csv",""
"T00496","A005","10/31/2025","2025-11-02","WALGREENS #04712","-62.39","USD","A005_10_export.csv",""
"T00497","A001","9/30/2025","2025-10-02","SMITHS #348","-173.65","USD","A001_09_export.csv",""
"T00498","A003","3/19/2025","2025-03-20","AMC 0039 TOWN SQUARE","-16.63","USD","A003_03_export.csv",""
"T00499","A003","2025-05-28 00:00:00","2025-05-29","SW GAS CORP","-128.74","USD","A003_05_export.csv",""
"T00500","A003","2025-07-07 00:00:00","2025-07-08","DoorDash","-63.69","USD","A003_07_export.csv",""
"T00501","A003","1/21/2025","2025-01-22","UBER *TRIP","-75.2","USD","A003_01_export.csv",""
"T00502","A003","3/24/2025","2025-03-25","CHIPOTLE 2841","-110.45","USD","A003_03_export.csv",""
"T00503","A002","2025-12-26","2025-12-27","COX COMMUNICATIONS","-46.76","USD","A002_12_export.csv",""
"T00504","A001","2025-05-13","2025-05-14","TARGET T-2450","-234.69","USD","A001_05_export.csv",""
"T00505","A003","2025-05-17 00:00:00","2025-05-18","SOUTHWEST AIR","-529.09","USD","A003_05_export.csv",""
"T00506","A002","10/9/2025","2025-10-11","SHELL OIL 5742","-55.5","USD","A002_10_export.csv",""
"T00507","A002","2025-07-15","2025-07-16","Chipotle","-87.4","USD","A002_07_export.csv",""
"T00508","A004","9/8/2025","2025-09-09","AIRBNB * HM","-161.53","USD","A004_09_export.csv",""
"T00509","A001","2025-11-29 00:00:00","2025-12-01","SHELL OIL 5742","-77.02","USD","A001_11_export.csv",""
"T00510","A005","2025-04-15 00:00:00","2025-04-16","Nike","-110.73","USD","A005_04_export.csv",""
"T00511","A002","6/21/2025","2025-06-22","UBER *TRIP","-46.83","USD","A002_06_export.csv",""
"T00512","A002","6/20/2025","2025-06-21","Chevron","-23.35","USD","A002_06_export.csv",""
"T00513","A004","1/4/2025","2025-01-05","AMC 0039 TOWN SQUARE","-34.43","USD","A004_01_export.csv","Other"
"T00514","A005","7/17/2025","2025-07-18","TRADER JOES 124","-23.43","USD","A005_07_export.csv",""
"T00515","A003","2025-11-04","2025-11-05","Airbnb","-517.25","USD","A003_11_export.csv",""
"T00516","A005","11/14/2025","2025-11-15","CVS","-109.25","USD","A005_11_export.csv",""
"T00517","A001","12/24/2025","2025-12-25","Smith's","-40.99","USD","A001_12_export.csv",""
"T00518","A003","2025-03-05","2025-03-07","MARRIOTT HOTEL","-778.82","USD","A003_03_export.csv",""
"T00519","A004","2025-12-28","2025-12-29","Target","-210.07","USD","A004_12_export.csv",""
"T00520","A004","2025-03-04 00:00:00","2025-03-05","UBER *TRIP","-85.62","USD","A004_03_export.csv","Food"
"T00521","A004","2025-06-15","2025-06-16","Shell","-55.16","USD","A004_06_export.csv",""
"T00522","A005","5/25/2025","2025-05-26","Uber Eats","-113.92","USD","A005_05_export.csv","Shopping"
"T00523","A001","2025-01-04 00:00:00","2025-01-05","AMC Theatres","-28.37","USD","A001_01_export.csv","Other"
"T00524","A004","12/30/2025","2025-12-31","UBER *TRIP","-78.49","USD","A004_12_export.csv",""
"T00525","A005","9/19/2025","2025-09-21","Marriott","-661.35","USD","A005_09_export.csv","Other"
"T00526","A004","2025-01-26 00:00:00","2025-01-27","NVENERGY PAYMENT","-164.98","USD","A004_01_export.csv",""
"T00527","A001","2025-06-08","2025-06-09","AMC 0039 TOWN SQUARE","-37.68","USD","A001_06_export.csv",""
"T00528","A001","2025-08-31 00:00:00","2025-09-01","Southwest Airlines","-749.59","USD","A001_08_export.csv",""
"T00529","A005","2025-09-17 00:00:00","2025-09-18","WALGREENS #04712","-96.51","USD","A005_09_export.csv",""
"T00530","A001","2025-04-26 00:00:00","2025-04-27","NV Energy","-109.39","USD","A001_04_export.csv",""
"T00531","A005","2025-02-02","2025-02-03","COX COMMUNICATIONS","-82.35","USD","A005_02_export.csv",""
"T00532","A004","2025-02-27 00:00:00","2025-03-01","Southwest Airlines","-225.2","USD","A004_02_export.csv",""
"T00533","A005","2/16/2025","2025-02-17","AMZN Mktp US*","-127.56","USD","A005_02_export.csv",""
"T00534","A003","2025-05-30 00:00:00","2025-05-31","CHEVRON 0209341","-71.89","USD","A003_05_export.csv",""
"T00535","A003","2025-09-01 00:00:00","2025-09-02","AMZN Mktp US*","-149.86","USD","A003_09_export.csv",""
"T00536","A002","7/28/2025","2025-07-29","Walgreens","-73.1","USD","A002_07_export.csv","Other"
"T00537","A004","2025-08-22","2025-08-24","Target","-169.13","USD","A004_08_export.csv",""
"T00538","A002","10/30/2025","2025-10-31","Cox Communications","-149.56","USD","A002_10_export.csv","Bills"
"T00539","A002","10/11/2025","2025-10-12","Smith's","-39.42","USD","A002_10_export.csv",""
"T00540","A002","2025-08-04 00:00:00","2025-08-05","DoorDash","-85.69","USD","A002_08_export.csv",""
"T00541","A005","2025-10-17","2025-10-18","MARRIOTT HOTEL","-187.38","USD","A005_10_export.csv",""
"T00542","A002","2025-11-19","2025-11-20","NETFLIX.COM","-12.78","USD","A002_11_export.csv",""
"T00543","A002","2/12/2025","2025-02-14","Amazon","-115.13","USD","A002_02_export.csv",""
"T00544","A003","2025-04-13 00:00:00","2025-04-14","COSTCO WHSE #1320","-58.45","USD","A003_04_export.csv","Bills"
"T00545","A002","4/16/2025","2025-04-17","CVS/PHARMACY #8829","-44.48","USD","A002_04_export.csv",""
"T00546","A005","1/16/2025","2025-01-17","UBER *EATS","-86.47","USD","A005_01_export.csv",""
"T00547","A002","2025-06-15","2025-06-16","UBER *TRIP","-88.84","USD","A002_06_export.csv",""
"T00548","A004","5/12/2025","2025-05-13","DOORDASH*TEMP AUTH","-109.07","USD","A004_05_export.csv","Other"
"T00549","A003","2025-06-12","2025-06-13","AIRBNB * HM","-392.17","USD","A003_06_export.csv",""
"T00550","A001","10/9/2025","2025-10-10","Target","-61.26","USD","A001_10_export.csv",""
"T00551","A002","2025-09-08 00:00:00","2025-09-09","CVS/PHARMACY #8829","-85.19","USD","A002_09_export.csv",""
"T00552","A004","4/30/2025","2025-05-01","AMC 0039 TOWN SQUARE","-33.28","USD","A004_04_export.csv",""
"T00553","A003","5/19/2025","2025-05-20","Chevron","-44.43","USD","A003_05_export.csv",""
"T00554","A005","2025-03-22 00:00:00","2025-03-23","Yard House","-98.63","USD","A005_03_export.csv",""
"T00555","A003","6/9/2025","2025-06-11","LAS VEGAS ATHLETIC CLUB","-40.25","USD","A003_06_export.csv",""
"T00556","A004","11/28/2025","2025-11-29","CHEVRON 0209341","-28.21","USD","A004_11_export.csv","Other"
"T00557","A002","10/25/2025","2025-10-26","NVENERGY PAYMENT","-150.49","USD","A002_10_export.csv",""
"T00558","A004","2025-10-17","2025-10-19","CHIPOTLE 2841","-65.62","USD","A004_10_export.csv",""
"T00559","A002","9/21/2025","2025-09-22","YARD HOUSE 8387","-34.07","USD","A002_09_export.csv",""
"T00560","A004","2025-08-17","2025-08-18","Yard House","-39.81","USD","A004_08_export.csv","Bills"
"T00561","A002","2025-08-11 00:00:00","2025-08-12","NVENERGY PAYMENT","-62.31","USD","A002_08_export.csv",""
"T00562","A003","2025-10-11","2025-10-12","NV Energy","-206.42","USD","A003_10_export.csv",""
"T00563","A005","2025-09-09","2025-09-11","SPOTIFY USA","-17.69","USD","A005_09_export.csv",""
"T00564","A002","2025-12-10","2025-12-12","CVS/PHARMACY #8829","-72.14","USD","A002_12_export.csv",""
"T00565","A004","5/25/2025","2025-05-26","Uber Eats","-90.62","USD","A004_05_export.csv",""
"T00566","A003","2025-09-10 00:00:00","2025-09-12","Airbnb","-153.2","USD","A003_09_export.csv",""
"T00567","A004","2025-11-13 00:00:00","2025-11-14","COSTCO WHSE #1320","-138.25","USD","A004_11_export.csv",""
"T00568","A004","11/6/2025","2025-11-07","Southwest Gas","-48.51","USD","A004_11_export.csv",""
"T00569","A003","5/19/2025","2025-05-21","AMZN Mktp US*","-36.1","USD","A003_05_export.csv","Food"
"T00570","A002","3/23/2025","2025-03-24","AMZN Mktp US*","-245.24","USD","A002_03_export.csv",""
"T00571","A004","2025-11-09 00:00:00","2025-11-10","Amazon","-171.47","USD","A004_11_export.csv","Shopping"
"T00572","A005","2025-04-03","2025-04-04","AMC Theatres","-24.48","USD","A005_04_export.csv",""
"T00573","A001","2025-06-23","2025-06-24","Costco","-117.64","USD","A001_06_export.csv",""
"T00574","A002","2025-01-26","2025-01-27","Netflix","-58.25","USD","A002_01_export.csv",""
"T00575","A005","2025-03-26","2025-03-27","Trader Joe's","-83.16","USD","A005_03_export.csv",""
"T00576","A003","2025-12-26","2025-12-28","CVS","-96.03","USD","A003_12_export.csv",""
"T00577","A002","2025-07-20","2025-07-22","AMC 0039 TOWN SQUARE","-51.93","USD","A002_07_export.csv",""
"T00578","A004","2025-07-08 00:00:00","2025-07-09","TARGET T-2450","-133.46","USD","A004_07_export.csv",""
"T00579","A002","4/15/2025","2025-04-16","Nike","-30.24","USD","A002_04_export.csv",""
"T00580","A005","2025-06-16 00:00:00","2025-06-18","AMC 0039 TOWN SQUARE","-61.59","USD","A005_06_export.csv",""
"T00581","A003","2025-03-06","2025-03-07","SHELL OIL 5742","-53.07","USD","A003_03_export.csv",""
"T00582","A004","2025-07-22 00:00:00","2025-07-24","CVS","-73.29","USD","A004_07_export.csv",""
"T00583","A003","2025-07-11","2025-07-12","CVS/PHARMACY #8829","-101.35","USD","A003_07_export.csv",""
"T00584","A003","5/12/2025","2025-05-13","DOORDASH*TEMP AUTH","-102.74","USD","A003_05_export.csv","Food"
"T00585","A001","2025-10-18 00:00:00","2025-10-20","NVENERGY PAYMENT","-178.65","USD","A001_10_export.csv",""
"T00586","A005","2025-04-02 00:00:00","2025-04-03","COSTCO WHSE #1320","-66.34","USD","A005_04_export.csv",""
"T00587","A003","2025-03-01 00:00:00","2025-03-02","Target","-122.24","USD","A003_03_export.csv",""
"T00588","A003","2025-10-29 00:00:00","2025-10-30","AMC Theatres","-64.27","USD","A003_10_export.csv","Food"
"T00589","A003","2025-08-07 00:00:00","2025-08-08","Nike","-20.19","USD","A003_08_export.csv",""
"T00590","A002","2025-12-19 00:00:00","2025-12-20","Amazon","-235.12","USD","A002_12_export.csv",""
"T00591","A001","2025-08-29 00:00:00","2025-08-31","SPOTIFY USA","-61.21","USD","A001_08_export.csv","Other"
"T00592","A002","2025-08-06","2025-08-08","Southwest Airlines","-816.3","USD","A002_08_export.csv",""
"T00593","A002","3/11/2025","2025-03-13","COSTCO WHSE #1320","-89.9","USD","A002_03_export.csv",""
"T00594","A004","2025-01-19","2025-01-20","Nike","-167.02","USD","A004_01_export.csv",""
"T00595","A003","2025-08-23","2025-08-24","TARGET T-2450","-201.8","USD","A003_08_export.csv",""
"T00596","A004","2025-01-21","2025-01-22","Amazon","-35.32","USD","A004_01_export.csv",""
"T00597","A002","2025-02-06","2025-02-07","CVS/PHARMACY #8829","-33.06","USD","A002_02_export.csv",""
"T00598","A005","3/12/2025","2025-03-14","Walgreens","-74.47","USD","A005_03_export.csv",""
"T00599","A005","2025-09-13","2025-09-14","NVENERGY PAYMENT","-71.4","USD","A005_09_export.csv",""
"T00600","A002","2025-09-02 00:00:00","2025-09-03","UBER EATS HELP","-17.29","USD","A002_09_export.csv","Shopping"
"T00601","A005","8/26/2025","2025-08-27","CHIPOTLE 2841","-83.58","USD","A005_08_export.csv",""
"T00602","A005","8/1/2025","2025-08-03","COSTCO WHSE #1320","-71.62","USD","A005_08_export.csv",""
"T00603","A003","2025-05-07 00:00:00","2025-05-09","Trader Joe's","-189.36","USD","A003_05_export.csv",""
"T00604","A003","2025-05-31","2025-06-02","Chipotle","-17.11","USD","A003_05_export.csv",""
"T00605","A001","2025-01-21 00:00:00","2025-01-22","SOUTHWEST AIR","-368.18","USD","A001_01_export.csv",""
"T00606","A001","9/27/2025","2025-09-28","Marriott","-575.54","USD","A001_09_export.csv","Bills"
"T00607","A002","2025-03-08","2025-03-09","NETFLIX.COM","-52.71","USD","A002_03_export.csv",""
"T00608","A005","2/16/2025","2025-02-17","Yard House","-86.86","USD","A005_02_export.csv",""
"T00609","A002","7/31/2025","2025-08-01","Marriott","-237.19","USD","A002_07_export.csv",""
"T00610","A001","2025-10-27","2025-10-28","AIRBNB * HM","-282.54","USD","A001_10_export.csv",""
"T00611","A004","2025-04-26","2025-04-27","UBER *TRIP","-47.78","USD","A004_04_export.csv","Shopping"
"T00612","A002","2025-10-18","2025-10-19","TARGET T-2450","-17.14","USD","A002_10_export.csv",""
"T00613","A004","2025-07-07 00:00:00","2025-07-08","TARGET T-2450","-69.6","USD","A004_07_export.csv",""
"T00614","A002","2025-04-26","2025-04-27","TARGET T-2450","-65.09","USD","A002_04_export.csv",""
"T00615","A004","2025-09-15","2025-09-16","CVS","-112.35","USD","A004_09_export.csv","Food"
"T00616","A003","12/12/2025","2025-12-13","COX COMMUNICATIONS","-48.03","USD","A003_12_export.csv","Other"
"T00617","A002","4/21/2025","2025-04-22","SPOTIFY USA","-47.49","USD","A002_04_export.csv",""
"T00618","A005","2025-10-11","2025-10-12","Marriott","-869.04","USD","A005_10_export.csv",""
"T00619","A004","2025-12-15","2025-12-16","Airbnb","-940.13","USD","A004_12_export.csv",""
"T00620","A005","12/7/2025","2025-12-09","WALGREENS #04712","-85.64","USD","A005_12_export.csv","Food"
"T00621","A003","2025-01-27 00:00:00","2025-01-28","CHIPOTLE 2841","-66.89","USD","A003_01_export.csv",""
"T00622","A003","2025-10-24 00:00:00","2025-10-26","MARRIOTT HOTEL","-123.74","USD","A003_10_export.csv",""
"T00623","A001","2025-02-02","2025-02-03","SOUTHWEST AIR","-896.36","USD","A001_02_export.csv",""
"T00624","A002","2025-06-27 00:00:00","2025-06-28","MARRIOTT HOTEL","-273.02","USD","A002_06_export.csv",""
"T00625","A003","6/12/2025","2025-06-14","TRADER JOES 124","-29.41","USD","A003_06_export.csv",""
"T00626","A005","1/1/2025","2025-01-02","CHEVRON 0209341","-32.99","USD","A005_01_export.csv",""
"T00627","A005","2025-04-27 00:00:00","2025-04-28","Target","-112.87","USD","A005_04_export.csv",""
"T00628","A005","2025-08-08","2025-08-09","Southwest Airlines","-889.35","USD","A005_08_export.csv",""
"T00629","A001","2025-08-13 00:00:00","2025-08-15","AIRBNB * HM","-331.46","USD","A001_08_export.csv",""
"T00630","A003","2025-11-16 00:00:00","2025-11-17","UBER *TRIP","-85.56","USD","A003_11_export.csv",""
"T00631","A001","9/22/2025","2025-09-23","NETFLIX.COM","-63.08","USD","A001_09_export.csv",""
"T00632","A005","4/13/2025","2025-04-14","SW GAS CORP","-143.39","USD","A005_04_export.csv",""
"T00633","A003","2025-12-26","2025-12-27","SHELL OIL 5742","-20","USD","A003_12_export.csv",""
"T00634","A005","2025-02-21","2025-02-22","LAS VEGAS ATHLETIC CLUB","-119","USD","A005_02_export.csv",""
"T00635","A005","2025-04-26","2025-04-28","CHEVRON 0209341","-85.11","USD","A005_04_export.csv",""
"T00636","A001","2025-01-10 00:00:00","2025-01-11","SOUTHWEST AIR","-635.47","USD","A001_01_export.csv",""
"T00637","A005","2025-08-29","2025-08-30","Shell","-59.55","USD","A005_08_export.csv","Bills"
"T00638","A005","12/20/2025","2025-12-22","Spotify","-73.97","USD","A005_12_export.csv",""
"T00639","A004","12/31/2025","2026-01-01","Shell","-82.27","USD","A004_12_export.csv",""
"T00640","A002","2025-04-29 00:00:00","2025-04-30","AMC 0039 TOWN SQUARE","-23.17","USD","A002_04_export.csv",""
"T00641","A002","2025-05-14 00:00:00","2025-05-16","WALGREENS #04712","-46.51","USD","A002_05_export.csv",""
"T00642","A001","2025-12-06","2025-12-07","CVS/PHARMACY #8829","-57.86","USD","A001_12_export.csv",""
"T00643","A001","2025-03-30","2025-03-31","Marriott","-155.02","USD","A001_03_export.csv",""
"T00644","A004","7/9/2025","2025-07-10","UBER *TRIP","-74.06","USD","A004_07_export.csv",""
"T00645","A003","2025-12-25","2025-12-26","NV Energy","-84.25","USD","A003_12_export.csv",""
"T00646","A004","2025-09-26","2025-09-27","WALGREENS #04712","-10.48","USD","A004_09_export.csv","Bills"
"T00647","A004","2025-06-19 00:00:00","2025-06-20","SW GAS CORP","-100.82","USD","A004_06_export.csv",""
"T00648","A001","2025-05-23","2025-05-24","Smith's","-91.73","USD","A001_05_export.csv",""
"T00649","A005","1/6/2025","2025-01-07","CHEVRON 0209341","-58.44","USD","A005_01_export.csv",""
"T00650","A001","4/20/2025","2025-04-21","Netflix","-51.57","USD","A001_04_export.csv",""
"T00651","A002","2025-08-04","2025-08-06","COSTCO WHSE #1320","-45.07","USD","A002_08_export.csv","Other"
"T00652","A004","2025-04-14 00:00:00","2025-04-15","NVENERGY PAYMENT","-233.35","USD","A004_04_export.csv",""
"T00653","A001","9/5/2025","2025-09-06","MARRIOTT HOTEL","-236.73","USD","A001_09_export.csv",""
"T00654","A002","2025-05-16 00:00:00","2025-05-17","Uber Eats","-21.92","USD","A002_05_export.csv",""
"T00655","A004","2025-05-20 00:00:00","2025-05-21","AMC Theatres","-37.54","USD","A004_05_export.csv",""
"T00656","A003","2025-01-04","2025-01-05","Chevron","-17.96","USD","A003_01_export.csv",""
"T00657","A001","10/25/2025","2025-10-26","LAS VEGAS ATHLETIC CLUB","-115.84","USD","A001_10_export.csv",""
"T00658","A003","2025-03-31 00:00:00","2025-04-01","AIRBNB * HM","-803.92","USD","A003_03_export.csv","Bills"
"T00659","A005","10/17/2025","2025-10-18","AMC Theatres","-44.09","USD","A005_10_export.csv",""
"T00660","A003","2025-12-06 00:00:00","2025-12-07","TRADER JOES 124","-137.25","USD","A003_12_export.csv",""
"T00661","A003","2025-10-23 00:00:00","2025-10-24","Chipotle","-78.48","USD","A003_10_export.csv",""
"T00662","A002","2025-04-30","2025-05-02","Costco","-152.93","USD","A002_04_export.csv",""
"T00663","A002","2025-04-28","2025-04-30","Southwest Airlines","-289.68","USD","A002_04_export.csv",""
"T00664","A003","2025-12-17 00:00:00","2025-12-18","CVS/PHARMACY #8829","-60.57","USD","A003_12_export.csv",""
"T00665","A002","2025-07-24 00:00:00","2025-07-25","WALGREENS #04712","-70.34","USD","A002_07_export.csv",""
"T00666","A002","2025-03-20","2025-03-21","NVENERGY PAYMENT","-222.03","USD","A002_03_export.csv",""
"T00667","A004","2025-06-15 00:00:00","2025-06-16","CVS","-39.71","USD","A004_06_export.csv",""
"T00668","A005","2025-09-09","2025-09-10","UBER *EATS","-90.87","USD","A005_09_export.csv","Other"
"T00669","A005","2025-08-26","2025-08-27","Amazon","-34.35","USD","A005_08_export.csv",""
"T00670","A003","2025-05-02 00:00:00","2025-05-03","Smith's","-131.04","USD","A003_05_export.csv",""
"T00671","A002","2025-08-31","2025-09-02","TARGET T-2450","-25.56","USD","A002_08_export.csv",""
"T00672","A001","2025-03-06","2025-03-07","TRADER JOES 124","-128.18","USD","A001_03_export.csv",""
"T00673","A003","2025-11-17 00:00:00","2025-11-18","TARGET T-2450","-85.54","USD","A003_11_export.csv",""
"T00674","A005","2025-01-24","2025-01-26","SOUTHWEST AIR","-848.11","USD","A005_01_export.csv",""
"T00675","A004","9/16/2025","2025-09-18","UBER *EATS","-15.72","USD","A004_09_export.csv",""
"T00676","A004","2025-02-28 00:00:00","2025-03-02","NVENERGY PAYMENT","-172.14","USD","A004_02_export.csv",""
"T00677","A003","2/11/2025","2025-02-12","AMC 0039 TOWN SQUARE","-20.54","USD","A003_02_export.csv",""
"T00678","A002","2025-12-21 00:00:00","2025-12-23","LAS VEGAS ATHLETIC CLUB","-13.75","USD","A002_12_export.csv",""
"T00679","A005","11/25/2025","2025-11-26","MARRIOTT HOTEL","-583.27","USD","A005_11_export.csv",""
"T00680","A003","2025-11-21 00:00:00","2025-11-23","AMAZON.COM*","-129.8","USD","A003_11_export.csv",""
"T00681","A003","2025-07-12 00:00:00","2025-07-13","NETFLIX.COM","-33.72","USD","A003_07_export.csv",""
"T00682","A003","2025-07-03","2025-07-04","NIKE LAS VEGAS","-150.16","USD","A003_07_export.csv",""
"T00683","A004","2025-04-24 00:00:00","2025-04-25","COX COMMUNICATIONS","-79.69","USD","A004_04_export.csv",""
"T00684","A001","2025-12-31 00:00:00","2026-01-01","Netflix","-23.03","USD","A001_12_export.csv",""
"T00685","A004","12/18/2025","2025-12-19","Yard House","-36.56","USD","A004_12_export.csv",""
"T00686","A002","8/9/2025","2025-08-11","COSTCO WHSE #1320","-50.82","USD","A002_08_export.csv",""
"T00687","A003","2025-04-04","2025-04-05","AMC Theatres","-47.09","USD","A003_04_export.csv",""
"T00688","A003","2025-01-29","2025-01-30","MARRIOTT HOTEL","-272.9","USD","A003_01_export.csv",""
"T00689","A005","2025-04-21","2025-04-22","AMC Theatres","-44.74","USD","A005_04_export.csv",""
"T00690","A003","2025-07-20 00:00:00","2025-07-21","Costco","-19.96","USD","A003_07_export.csv",""
"T00691","A001","5/7/2025","2025-05-08","Cox Communications","-181.28","USD","A001_05_export.csv",""
"T00692","A005","2025-08-18 00:00:00","2025-08-19","AMC 0039 TOWN SQUARE","-16.8","USD","A005_08_export.csv",""
"T00693","A005","2025-02-06","2025-02-07","SOUTHWEST AIR","-342.17","USD","A005_02_export.csv","Food"
"T00694","A003","8/19/2025","2025-08-21","SW GAS CORP","-181.95","USD","A003_08_export.csv",""
"T00695","A004","4/5/2025","2025-04-06","Spotify","-74.9","USD","A004_04_export.csv",""
"T00696","A002","2025-05-29 00:00:00","2025-05-30","AMC 0039 TOWN SQUARE","-42.49","USD","A002_05_export.csv",""
"T00697","A002","10/23/2025","2025-10-24","MARRIOTT HOTEL","-429.01","USD","A002_10_export.csv",""
"T00698","A001","2025-01-28","2025-01-29","SMITHS GROCERY 0348","-128.54","USD","A001_01_export.csv",""
"T00699","A005","5/31/2025","2025-06-01","Southwest Airlines","-404.47","USD","A005_05_export.csv",""
"T00700","A004","2025-01-15","2025-01-16","TARGET T-2450","-174.44","USD","A004_01_export.csv","Bills"
"T00701","A002","2025-11-12 00:00:00","2025-11-13","AMC 0039 TOWN SQUARE","-71.07","USD","A002_11_export.csv",""
"T00702","A002","3/10/2025","2025-03-11","WALGREENS #04712","-42.03","USD","A002_03_export.csv",""
"T00703","A003","5/23/2025","2025-05-24","Costco","-142.75","USD","A003_05_export.csv",""
"T00704","A005","4/17/2025","2025-04-18","NV Energy","-214.39","USD","A005_04_export.csv",""
"T00705","A004","2025-06-03 00:00:00","2025-06-04","YARD HOUSE 8387","-48.31","USD","A004_06_export.csv",""
"T00706","A005","2025-06-01","2025-06-02","SW GAS CORP","-113.05","USD","A005_06_export.csv",""
"T00707","A003","2025-04-07","2025-04-08","Uber","-70.5","USD","A003_04_export.csv",""
"T00708","A001","2025-05-17","2025-05-18","UBER *TRIP","-72.35","USD","A001_05_export.csv",""
"T00709","A005","2025-06-20 00:00:00","2025-06-21","AIRBNB * HM","-808.85","USD","A005_06_export.csv",""
"T00710","A005","2025-05-25","2025-05-26","LVAC","-99.46","USD","A005_05_export.csv","Bills"
"T00711","A003","2025-10-20","2025-10-21","Southwest Gas","-112.94","USD","A003_10_export.csv",""
"T00712","A003","5/11/2025","2025-05-12","Shell","-91.89","USD","A003_05_export.csv",""
"T00713","A001","2025-07-24 00:00:00","2025-07-25","Uber Eats","-42.3","USD","A001_07_export.csv","Bills"
"T00714","A005","2025-12-28 00:00:00","2025-12-29","Chevron","-35.02","USD","A005_12_export.csv",""
"T00715","A001","2025-01-15 00:00:00","2025-01-17","CVS/PHARMACY #8829","-100.81","USD","A001_01_export.csv",""
"T00716","A004","7/31/2025","2025-08-01","Target","-204.03","USD","A004_07_export.csv",""
"T00717","A002","2025-07-01","2025-07-02","Uber","-62.51","USD","A002_07_export.csv",""
"T00718","A005","12/27/2025","2025-12-29","Airbnb","-935.21","USD","A005_12_export.csv",""
"T00719","A004","2025-08-30 00:00:00","2025-08-31","DOORDASH*TEMP AUTH","-59.61","USD","A004_08_export.csv",""
"T00720","A005","2/22/2025","2025-02-23","UBER EATS HELP","-17.94","USD","A005_02_export.csv","Shopping"
"T00721","A004","2025-07-03 00:00:00","2025-07-05","UBER *TRIP","-42.66","USD","A004_07_export.csv","Other"
"T00722","A004","2025-06-11","2025-06-12","TRADER JOES 124","-93.39","USD","A004_06_export.csv",""
"T00723","A001","2025-07-05","2025-07-07","NETFLIX.COM","-66.76","USD","A001_07_export.csv",""
"T00724","A002","2025-01-07","2025-01-08","NVENERGY PAYMENT","-53.45","USD","A002_01_export.csv",""
"T00725","A001","2025-02-22 00:00:00","2025-02-23","UBER *EATS","-69.2","USD","A001_02_export.csv",""
"T00726","A003","2025-10-30","2025-10-31","Netflix","-63.2","USD","A003_10_export.csv",""
"T00727","A003","7/28/2025","2025-07-29","Smith's","-109.95","USD","A003_07_export.csv",""
"T00728","A003","2025-12-19 00:00:00","2025-12-20","Chevron","-35.53","USD","A003_12_export.csv",""
"T00729","A004","2025-02-05","2025-02-06","Marriott","-478.86","USD","A004_02_export.csv",""
"T00730","A001","2025-01-26 00:00:00","2025-01-27","TRADER JOES 124","-75.88","USD","A001_01_export.csv",""
"T00731","A003","2025-02-08","2025-02-09","Shell","-50.15","USD","A003_02_export.csv","Food"
"T00732","A001","2025-04-09","2025-04-10","Nike","-46.74","USD","A001_04_export.csv","Other"
"T00733","A001","3/18/2025","2025-03-19","CVS/PHARMACY #8829","-35.63","USD","A001_03_export.csv",""
"T00734","A003","2025-07-08","2025-07-10","SHELL OIL 5742","-93.05","USD","A003_07_export.csv",""
"T00735","A002","2025-10-21 00:00:00","2025-10-22","SOUTHWEST AIR","-340.22","USD","A002_10_export.csv",""
"T00736","A005","2025-10-20","2025-10-21","DoorDash","-41.6","USD","A005_10_export.csv",""
"T00737","A004","2025-09-30","2025-10-01","Southwest Airlines","-633.36","USD","A004_09_export.csv",""
"T00738","A005","2025-09-23","2025-09-24","Marriott","-174.36","USD","A005_09_export.csv",""
"T00739","A004","2025-10-12","2025-10-13","SMITHS #348","-180.73","USD","A004_10_export.csv",""
"T00740","A003","2025-12-14 00:00:00","2025-12-15","MARRIOTT HOTEL","-509.67","USD","A003_12_export.csv",""
"T00741","A004","2025-05-28","2025-05-29","YARD HOUSE 8387","-33.55","USD","A004_05_export.csv",""
"T00742","A004","2025-05-10 00:00:00","2025-05-11","Smith's","-144.59","USD","A004_05_export.csv",""
"T00743","A003","10/5/2025","2025-10-06","COSTCO WHSE #1320","-185.79","USD","A003_10_export.csv",""
"T00744","A001","2025-11-13 00:00:00","2025-11-14","Airbnb","-683.33","USD","A001_11_export.csv",""
"T00745","A001","5/14/2025","2025-05-15","SW GAS CORP","-197.61","USD","A001_05_export.csv",""
"T00746","A001","2025-09-22 00:00:00","2025-09-23","DOORDASH*TEMP AUTH","-32.55","USD","A001_09_export.csv",""
"T00747","A002","5/20/2025","2025-05-21","SPOTIFY USA","-38.36","USD","A002_05_export.csv",""
"T00748","A002","2025-08-14","2025-08-16","SMITHS #348","-38.13","USD","A002_08_export.csv",""
"T00749","A004","2025-04-01","2025-04-02","Netflix","-26.95","USD","A004_04_export.csv","Bills"
"T00750","A004","2025-01-09 00:00:00","2025-01-10","Shell","-56.54","USD","A004_01_export.csv",""
"T00751","A002","8/12/2025","2025-08-14","Yard House","-74.44","USD","A002_08_export.csv",""
"T00752","A004","2/3/2025","2025-02-04","Southwest Gas","-211.8","USD","A004_02_export.csv",""
"T00753","A001","2025-05-13 00:00:00","2025-05-14","CHIPOTLE 2841","-75.62","USD","A001_05_export.csv",""
"T00754","A003","2025-07-23","2025-07-25","SMITHS #348","-53.03","USD","A003_07_export.csv",""
"T00755","A005","2025-03-19 00:00:00","2025-03-21","AMC 0039 TOWN SQUARE","-36.39","USD","A005_03_export.csv",""
"T00756","A001","1/22/2025","2025-01-24","NVENERGY PAYMENT","-239.99","USD","A001_01_export.csv",""
"T00757","A003","2025-12-09 00:00:00","2025-12-10","CVS","-66.34","USD","A003_12_export.csv",""
"T00758","A004","3/22/2025","2025-03-23","Trader Joe's","-136.66","USD","A004_03_export.csv","Shopping"
"T00759","A001","2025-10-07 00:00:00","2025-10-08","Marriott","-203.27","USD","A001_10_export.csv",""
"T00760","A003","2025-08-14 00:00:00","2025-08-15","Cox Communications","-229.52","USD","A003_08_export.csv",""
"T00761","A003","5/2/2025","2025-05-04","COX COMMUNICATIONS","-219.75","USD","A003_05_export.csv",""
"T00762","A003","2025-11-12 00:00:00","2025-11-13","MARRIOTT HOTEL","-842.29","USD","A003_11_export.csv",""
"T00763","A003","2025-10-12","2025-10-13","AMC 0039 TOWN SQUARE","-69.72","USD","A003_10_export.csv",""
"T00764","A002","2025-10-24 00:00:00","2025-10-26","Southwest Airlines","-478.97","USD","A002_10_export.csv",""
"T00765","A003","11/28/2025","2025-11-29","Marriott","-861.74","USD","A003_11_export.csv",""
"T00766","A003","2025-12-10","2025-12-11","Walgreens","-108.92","USD","A003_12_export.csv",""
"T00767","A004","2025-02-13","2025-02-14","CVS","-87.78","USD","A004_02_export.csv","Shopping"
"T00768","A003","2025-06-24","2025-06-25","MARRIOTT HOTEL","-398.93","USD","A003_06_export.csv",""
"T00769","A004","2025-12-12 00:00:00","2025-12-13","Spotify","-28.79","USD","A004_12_export.csv",""
"T00770","A001","2025-07-13 00:00:00","2025-07-15","DD *DOORDASH","-109.17","USD","A001_07_export.csv",""
"T00771","A005","5/24/2025","2025-05-25","AMZN Mktp US*","-220.63","USD","A005_05_export.csv",""
"T00772","A002","2025-06-08 00:00:00","2025-06-09","Smith's","-62.68","USD","A002_06_export.csv",""
"T00773","A003","2025-01-26 00:00:00","2025-01-27","YARD HOUSE 8387","-42.89","USD","A003_01_export.csv",""
"T00774","A004","2025-05-09 00:00:00","2025-05-10","COX COMMUNICATIONS","-200.05","USD","A004_05_export.csv","Other"
"T00775","A005","2025-01-04 00:00:00","2025-01-05","SHELL OIL 5742","-73.05","USD","A005_01_export.csv",""
"T00776","A001","2025-01-31","2025-02-01","Trader Joe's","-108.51","USD","A001_01_export.csv",""
"T00777","A001","2025-09-04","2025-09-05","LAS VEGAS ATHLETIC CLUB","-32.43","USD","A001_09_export.csv",""
"T00778","A004","2025-02-14","2025-02-15","DoorDash","-73.22","USD","A004_02_export.csv",""
"T00779","A001","2025-01-31 00:00:00","2025-02-01","NETFLIX.COM","-41.05","USD","A001_01_export.csv",""
"T00780","A002","10/5/2025","2025-10-06","AMC 0039 TOWN SQUARE","-58.99","USD","A002_10_export.csv",""
"T00781","A001","3/20/2025","2025-03-21","MARRIOTT HOTEL","-654.37","USD","A001_03_export.csv","Other"
"T00782","A003","2025-03-11","2025-03-12","UBER *EATS","-63.71","USD","A003_03_export.csv",""
"T00783","A005","2025-02-22","2025-02-24","Nike","-223.13","USD","A005_02_export.csv",""
"T00784","A005","2025-02-05","2025-02-06","Trader Joe's","-188.14","USD","A005_02_export.csv",""
"T00785","A003","2025-03-11","2025-03-13","AMC 0039 TOWN SQUARE","-58.68","USD","A003_03_export.csv",""
"T00786","A002","2025-01-28 00:00:00","2025-01-30","LVAC","-52.38","USD","A002_01_export.csv",""
"T00787","A001","4/9/2025","2025-04-11","AMZN Mktp US*","-194.41","USD","A001_04_export.csv",""
"T00788","A005","2025-10-16 00:00:00","2025-10-17","NIKE LAS VEGAS","-33.24","USD","A005_10_export.csv",""
"T00789","A003","2025-07-17","2025-07-18","AMZN Mktp US*","-88.08","USD","A003_07_export.csv","Other"
"T00790","A004","2025-04-21 00:00:00","2025-04-23","CHIPOTLE 2841","-81.8","USD","A004_04_export.csv",""
"T00791","A003","2025-10-04","2025-10-05","Costco","-91.65","USD","A003_10_export.csv",""
"T00792","A001","2025-02-02","2025-02-04","CVS/PHARMACY #8829","-118.33","USD","A001_02_export.csv",""
"T00793","A002","2025-04-09 00:00:00","2025-04-10","Amazon","-201.6","USD","A002_04_export.csv",""
"T00794","A003","6/18/2025","2025-06-19","Nike","-194.61","USD","A003_06_export.csv",""
"T00795","A004","2025-12-10 00:00:00","2025-12-11","Smith's","-38.05","USD","A004_12_export.csv",""
"T00796","A003","2025-04-17 00:00:00","2025-04-19","Amazon","-238.97","USD","A003_04_export.csv",""
"T00797","A004","2025-09-26 00:00:00","2025-09-28","AIRBNB * HM","-265.07","USD","A004_09_export.csv",""
"T00798","A005","9/10/2025","2025-09-11","UBER *EATS","-71.36","USD","A005_09_export.csv",""
"T00799","A002","2025-02-26","2025-02-27","TRADER JOES 124","-153.53","USD","A002_02_export.csv",""
"T00800","A002","2025-02-11 00:00:00","2025-02-12","Walgreens","-114.07","USD","A002_02_export.csv","Shopping"
"T00801","A003","2025-09-23 00:00:00","2025-09-25","TRADER JOES 124","-66.02","USD","A003_09_export.csv",""
"T00802","A004","5/13/2025","2025-05-14","NETFLIX.COM","-62.83","USD","A004_05_export.csv",""
"T00803","A002","2025-08-15","2025-08-16","LVAC","-42.49","USD","A002_08_export.csv",""
"T00804","A003","2/6/2025","2025-02-07","Southwest Airlines","-544.17","USD","A003_02_export.csv","Bills"
"T00805","A001","11/1/2025","2025-11-02","NIKE LAS VEGAS","-258.57","USD","A001_11_export.csv",""
"T00806","A004","2025-11-12","2025-11-13","NIKE LAS VEGAS","-85.94","USD","A004_11_export.csv",""
"T00807","A004","2025-08-29","2025-08-30","CVS","-48.97","USD","A004_08_export.csv",""
"T00808","A004","2025-05-12 00:00:00","2025-05-13","AMC Theatres","-69.8","USD","A004_05_export.csv",""
"T00809","A005","2025-08-07 00:00:00","2025-08-09","WALGREENS #04712","-70.09","USD","A005_08_export.csv","Other"
"T00810","A001","2/8/2025","2025-02-09","NVENERGY PAYMENT","-154.13","USD","A001_02_export.csv","Food"
"T00811","A002","8/16/2025","2025-08-18","UBER *TRIP","-64.82","USD","A002_08_export.csv",""
"T00812","A003","11/12/2025","2025-11-13","Netflix","-21.28","USD","A003_11_export.csv",""
"T00813","A002","2025-05-14","2025-05-15","WALGREENS #04712","-99.93","USD","A002_05_export.csv","Bills"
"T00814","A002","2025-12-16","2025-12-18","DD *DOORDASH","-19.44","USD","A002_12_export.csv",""
"T00815","A004","10/15/2025","2025-10-17","AMC Theatres","-14.43","USD","A004_10_export.csv",""
"T00816","A002","2025-12-26","2025-12-27","Cox Communications","-131.3","USD","A002_12_export.csv",""
"T00817","A005","2/4/2025","2025-02-06","SPOTIFY USA","-69.69","USD","A005_02_export.csv",""
"T00818","A001","2025-08-22 00:00:00","2025-08-23","CVS/PHARMACY #8829","-36.53","USD","A001_08_export.csv","Shopping"
"T00819","A003","8/9/2025","2025-08-11","Airbnb","-188.27","USD","A003_08_export.csv",""
"T00820","A002","2025-03-23 00:00:00","2025-03-25","LVAC","-120.52","USD","A002_03_export.csv",""
"T00821","A004","2025-12-30","2025-12-31","NIKE LAS VEGAS","-103.62","USD","A004_12_export.csv",""
"T00822","A005","2025-11-27 00:00:00","2025-11-28","NV Energy","-230.31","USD","A005_11_export.csv",""
"T00823","A005","2025-12-12 00:00:00","2025-12-14","UBER EATS HELP","-39.54","USD","A005_12_export.csv",""
"T00824","A001","3/7/2025","2025-03-09","NV Energy","-238.15","USD","A001_03_export.csv",""
"T00825","A001","2025-05-23 00:00:00","2025-05-25","CVS/PHARMACY #8829","-96.15","USD","A001_05_export.csv",""
"T00826","A001","5/6/2025","2025-05-07","SMITHS #348","-126.42","USD","A001_05_export.csv",""
"T00827","A004","2025-04-13","2025-04-14","Southwest Airlines","-399.68","USD","A004_04_export.csv",""
"T00828","A005","2025-05-28 00:00:00","2025-05-29","UBER *TRIP","-19.06","USD","A005_05_export.csv","Bills"
"T00829","A005","2025-07-13","2025-07-14","Chipotle","-49.64","USD","A005_07_export.csv",""
"T00830","A003","2025-10-16 00:00:00","2025-10-17","Southwest Gas","-81.82","USD","A003_10_export.csv",""
"T00831","A003","11/13/2025","2025-11-14","DD *DOORDASH","-46.31","USD","A003_11_export.csv",""
"T00832","A005","12/13/2025","2025-12-14","Trader Joe's","-91.64","USD","A005_12_export.csv","Food"
"T00833","A004","1/20/2025","2025-01-21","AIRBNB * HM","-249.36","USD","A004_01_export.csv",""
"T00834","A002","2025-09-30","2025-10-01","Trader Joe's","-169.49","USD","A002_09_export.csv",""
"T00835","A005","2025-10-11","2025-10-12","CVS/PHARMACY #8829","-103.62","USD","A005_10_export.csv",""
"T00836","A004","2025-08-25 00:00:00","2025-08-26","UBER *TRIP","-48.78","USD","A004_08_export.csv",""
"T00837","A002","2025-01-22","2025-01-24","Spotify","-23.03","USD","A002_01_export.csv","Other"
"T00838","A002","12/2/2025","2025-12-03","Trader Joe's","-66.15","USD","A002_12_export.csv",""
"T00839","A002","4/8/2025","2025-04-09","TARGET T-2450","-196.42","USD","A002_04_export.csv",""
"T00840","A002","2025-12-30 00:00:00","2025-12-31","DD *DOORDASH","-79.69","USD","A002_12_export.csv",""
"T00841","A004","2025-05-05","2025-05-06","Southwest Gas","-134.32","USD","A004_05_export.csv","Other"
"T00842","A002","2025-09-08 00:00:00","2025-09-09","COSTCO WHSE #1320","-40.72","USD","A002_09_export.csv",""
"T00843","A003","2025-11-17 00:00:00","2025-11-18","AMZN Mktp US*","-45.73","USD","A003_11_export.csv",""
"T00844","A003","8/14/2025","2025-08-15","AIRBNB * HM","-920.52","USD","A003_08_export.csv","Shopping"
"T00845","A004","2025-12-07","2025-12-08","Trader Joe's","-87.26","USD","A004_12_export.csv",""
"T00846","A003","9/22/2025","2025-09-23","SPOTIFY USA","-15.14","USD","A003_09_export.csv",""
"T00847","A004","2025-10-01 00:00:00","2025-10-03","YARD HOUSE 8387","-95.94","USD","A004_10_export.csv",""
"T00848","A003","2025-02-08 00:00:00","2025-02-09","Marriott","-276.22","USD","A003_02_export.csv","Bills"
"T00849","A005","7/18/2025","2025-07-19","NETFLIX.COM","-42.15","USD","A005_07_export.csv",""
"T00850","A003","2025-08-20","2025-08-21","NVENERGY PAYMENT","-233.54","USD","A003_08_export.csv",""
"T00851","A001","4/11/2025","2025-04-12","Uber","-21.4","USD","A001_04_export.csv","Other"
"T00852","A001","2025-03-29","2025-03-30","Spotify","-68.08","USD","A001_03_export.csv","Other"
"T00853","A005","2025-05-18 00:00:00","2025-05-19","CVS/PHARMACY #8829","-123.28","USD","A005_05_export.csv","Bills"
"T00854","A004","2025-03-19","2025-03-20","DoorDash","-87.03","USD","A004_03_export.csv",""
"T00855","A001","1/18/2025","2025-01-20","Uber","-42.55","USD","A001_01_export.csv",""
"T00856","A003","2/13/2025","2025-02-14","TARGET T-2450","-156.03","USD","A003_02_export.csv",""
"T00857","A003","2025-11-04 00:00:00","2025-11-05","COX COMMUNICATIONS","-234.19","USD","A003_11_export.csv",""
"T00858","A005","1/9/2025","2025-01-10","CHEVRON 0209341","-26.03","USD","A005_01_export.csv",""
"T00859","A004","8/10/2025","2025-08-11","DoorDash","-91.77","USD","A004_08_export.csv",""
"T00860","A004","2025-11-23 00:00:00","2025-11-24","TARGET T-2450","-209.39","USD","A004_11_export.csv","Bills"
"T00861","A002","10/29/2025","2025-10-30","TRADER JOES 124","-36.46","USD","A002_10_export.csv",""
"T00862","A004","12/9/2025","2025-12-10","DOORDASH*TEMP AUTH","-40.21","USD","A004_12_export.csv",""
"T00863","A002","4/29/2025","2025-04-30","Airbnb","-448.79","USD","A002_04_export.csv","Other"
"T00864","A003","2025-09-08 00:00:00","2025-09-09","SMITHS GROCERY 0348","-118.45","USD","A003_09_export.csv",""
"T00865","A004","1/13/2025","2025-01-14","Amazon","-208.33","USD","A004_01_export.csv",""
"T00866","A002","10/23/2025","2025-10-24","NV Energy","-118.56","USD","A002_10_export.csv","Bills"
"T00867","A004","2025-03-28","2025-03-29","UBER *TRIP","-55.69","USD","A004_03_export.csv",""
"T00868","A002","2025-11-02 00:00:00","2025-11-03","CVS/PHARMACY #8829","-10.9","USD","A002_11_export.csv",""
"T00869","A003","2025-02-15 00:00:00","2025-02-16","Walgreens","-24.98","USD","A003_02_export.csv","Other"
"T00870","A003","2025-11-20 00:00:00","2025-11-22","SPOTIFY USA","-25.04","USD","A003_11_export.csv",""
"T00871","A002","2025-09-13 00:00:00","2025-09-14","DoorDash","-29.79","USD","A002_09_export.csv",""
"T00872","A004","6/18/2025","2025-06-19","CHEVRON 0209341","-82.28","USD","A004_06_export.csv",""
"T00873","A004","2025-09-11 00:00:00","2025-09-12","NVENERGY PAYMENT","-162.21","USD","A004_09_export.csv",""
"T00874","A003","2025-06-26","2025-06-27","Trader Joe's","-160.48","USD","A003_06_export.csv",""
"T00875","A001","2025-03-18 00:00:00","2025-03-20","Shell","-94.55","USD","A001_03_export.csv",""
"T00876","A002","2025-01-02 00:00:00","2025-01-03","TARGET T-2450","-18.79","USD","A002_01_export.csv",""
"T00877","A005","2025-10-06","2025-10-07","SOUTHWEST AIR","-622.11","USD","A005_10_export.csv",""
"T00878","A002","2025-07-28 00:00:00","2025-07-29","CHEVRON 0209341","-51.45","USD","A002_07_export.csv",""
"T00879","A002","3/19/2025","2025-03-21","Trader Joe's","-91.21","USD","A002_03_export.csv",""
"T00880","A004","5/4/2025","2025-05-05","SW GAS CORP","-161.4","USD","A004_05_export.csv",""
"T00881","A003","2025-11-17","2025-11-18","UBER EATS HELP","-86.6","USD","A003_11_export.csv",""
"T00882","A005","2025-02-24","2025-02-25","Target","-250.73","USD","A005_02_export.csv",""
"T00883","A004","6/20/2025","2025-06-21","Netflix","-15.04","USD","A004_06_export.csv",""
"T00884","A004","12/23/2025","2025-12-24","NETFLIX.COM","-38.6","USD","A004_12_export.csv",""
"T00885","A005","2025-10-17 00:00:00","2025-10-19","NV Energy","-213.06","USD","A005_10_export.csv","Bills"
"T00886","A002","2025-10-28","2025-10-29","AMZN Mktp US*","-170.21","USD","A002_10_export.csv",""
"T00887","A005","2025-08-19","2025-08-20","Shell","-52.25","USD","A005_08_export.csv",""
"T00888","A004","3/20/2025","2025-03-21","DOORDASH*TEMP AUTH","-87.83","USD","A004_03_export.csv","Food"
"T00889","A002","2025-09-19","2025-09-20","Nike","-190.59","USD","A002_09_export.csv",""
"T00890","A001","1/24/2025","2025-01-25","Marriott","-455.22","USD","A001_01_export.csv",""
"T00891","A001","2025-07-05 00:00:00","2025-07-06","Chipotle","-53.99","USD","A001_07_export.csv",""
"T00892","A005","2025-10-11","2025-10-12","Amazon","-187.15","USD","A005_10_export.csv",""
"T00893","A002","11/26/2025","2025-11-27","Walgreens","-26.2","USD","A002_11_export.csv","Other"
"T00894","A001","2025-07-21","2025-07-22","AIRBNB * HM","-264.96","USD","A001_07_export.csv",""
"T00895","A004","2025-01-11","2025-01-13","CHEVRON 0209341","-44.62","USD","A004_01_export.csv",""
"T00896","A005","2025-07-23 00:00:00","2025-07-24","Shell","-81.87","USD","A005_07_export.csv",""
"T00897","A004","2025-09-08","2025-09-09","NIKE LAS VEGAS","-208.39","USD","A004_09_export.csv",""
"T00898","A002","6/15/2025","2025-06-16","Netflix","-18.09","USD","A002_06_export.csv",""
"T00899","A002","2025-05-31 00:00:00","2025-06-02","Walgreens","-44.91","USD","A002_05_export.csv",""
"T00900","A005","2025-08-08","2025-08-09","TRADER JOES 124","-23.72","USD","A005_08_export.csv","Other"
"T00901","A002","12/13/2025","2025-12-14","Uber Eats","-49.76","USD","A002_12_export.csv",""
"T00902","A001","2025-09-16 00:00:00","2025-09-17","Uber","-90.56","USD","A001_09_export.csv",""
"T00903","A002","2025-02-15","2025-02-16","Spotify","-61.47","USD","A002_02_export.csv",""
"T00904","A004","2025-12-20 00:00:00","2025-12-21","Uber","-43.71","USD","A004_12_export.csv",""
"T00905","A005","2025-06-16","2025-06-17","SMITHS #348","-145.8","USD","A005_06_export.csv",""
"T00906","A001","2025-08-16","2025-08-18","NV Energy","-106.21","USD","A001_08_export.csv",""
"T00907","A001","2025-08-08 00:00:00","2025-08-09","Trader Joe's","-50.8","USD","A001_08_export.csv","Bills"
"T00908","A004","2025-11-14","2025-11-15","AMZN Mktp US*","-164.15","USD","A004_11_export.csv",""
"T00909","A002","2025-01-30","2025-01-31","NETFLIX.COM","-38.16","USD","A002_01_export.csv",""
"T00910","A004","2025-10-06 00:00:00","2025-10-08","Southwest Gas","-210.37","USD","A004_10_export.csv",""
"T00911","A001","2025-12-22","2025-12-23","Chevron","-27.27","USD","A001_12_export.csv",""
"T00912","A001","2025-03-30","2025-04-01","Cox Communications","-79.62","USD","A001_03_export.csv",""
"T00913","A001","2025-09-12","2025-09-13","NIKE LAS VEGAS","-141.4","USD","A001_09_export.csv",""
"T00914","A001","10/28/2025","2025-10-29","Spotify","-58.81","USD","A001_10_export.csv",""
"T00915","A002","2025-01-01","2025-01-02","LVAC","-48.26","USD","A002_01_export.csv",""
"T00916","A002","4/29/2025","2025-04-30","AMAZON.COM*","-46.2","USD","A002_04_export.csv","Bills"
"T00917","A005","2025-01-28 00:00:00","2025-01-29","Trader Joe's","-108.43","USD","A005_01_export.csv",""
"T00918","A001","2025-01-07 00:00:00","2025-01-09","Costco","-91.34","USD","A001_01_export.csv",""
"T00919","A005","2025-10-18","2025-10-19","Uber","-46.85","USD","A005_10_export.csv","Food"
"T00920","A004","2025-01-19 00:00:00","2025-01-21","COSTCO WHSE #1320","-89.73","USD","A004_01_export.csv",""
"T00921","A004","2025-03-10","2025-03-11","DoorDash","-68.79","USD","A004_03_export.csv","Shopping"
"T00922","A005","2025-12-25 00:00:00","2025-12-26","LAS VEGAS ATHLETIC CLUB","-10.44","USD","A005_12_export.csv",""
"T00923","A002","1/24/2025","2025-01-25","NV Energy","-95.6","USD","A002_01_export.csv",""
"T00924","A003","2025-02-26","2025-02-28","LAS VEGAS ATHLETIC CLUB","-95.37","USD","A003_02_export.csv",""
"T00925","A005","2025-02-09 00:00:00","2025-02-11","Yard House","-13.19","USD","A005_02_export.csv",""
"T00926","A001","2025-02-25","2025-02-26","COSTCO WHSE #1320","-47.14","USD","A001_02_export.csv",""
"T00927","A004","10/6/2025","2025-10-07","Nike","-190.95","USD","A004_10_export.csv",""
"T00928","A002","2025-02-20 00:00:00","2025-02-21","AIRBNB * HM","-887.4","USD","A002_02_export.csv",""
"T00929","A005","2025-04-16","2025-04-17","SMITHS GROCERY 0348","-49.36","USD","A005_04_export.csv","Food"
"T00930","A004","2025-01-06","2025-01-07","SMITHS GROCERY 0348","-103.62","USD","A004_01_export.csv",""
"T00931","A004","11/19/2025","2025-11-20","Nike","-149.68","USD","A004_11_export.csv",""
"T00932","A004","2025-07-31","2025-08-02","Walgreens","-70.23","USD","A004_07_export.csv",""
"T00933","A005","5/24/2025","2025-05-25","Southwest Airlines","-450.24","USD","A005_05_export.csv",""
"T00934","A002","2025-06-15 00:00:00","2025-06-16","Nike","-175.89","USD","A002_06_export.csv",""
"T00935","A004","2025-08-29 00:00:00","2025-08-30","AIRBNB * HM","-286.34","USD","A004_08_export.csv",""
"T00936","A002","1/30/2025","2025-02-01","Southwest Airlines","-558.73","USD","A002_01_export.csv",""
"T00937","A004","3/16/2025","2025-03-17","Nike","-189.76","USD","A004_03_export.csv","Shopping"
"T00938","A003","2025-03-25","2025-03-26","DD *DOORDASH","-79.8","USD","A003_03_export.csv",""
"T00939","A005","11/2/2025","2025-11-03","Smith's","-104.17","USD","A005_11_export.csv",""
"T00940","A004","2025-03-20","2025-03-21","NIKE LAS VEGAS","-188.36","USD","A004_03_export.csv",""
"T00941","A004","2025-05-23 00:00:00","2025-05-24","Smith's","-53.48","USD","A004_05_export.csv",""
"T00942","A004","2025-04-18 00:00:00","2025-04-19","Airbnb","-601.46","USD","A004_04_export.csv",""
"T00943","A005","7/14/2025","2025-07-15","Trader Joe's","-47.5","USD","A005_07_export.csv",""
"T00944","A004","4/7/2025","2025-04-09","NIKE LAS VEGAS","-38.58","USD","A004_04_export.csv",""
"T00945","A004","2025-10-06 00:00:00","2025-10-07","SHELL OIL 5742","-67.06","USD","A004_10_export.csv",""
"T00946","A001","2025-08-05 00:00:00","2025-08-07","UBER *TRIP","-9.51","USD","A001_08_export.csv",""
"T00947","A002","2025-01-27 00:00:00","2025-01-28","Airbnb","-879.15","USD","A002_01_export.csv",""
"T00948","A003","2025-09-11 00:00:00","2025-09-12","TRADER JOES 124","-82.16","USD","A003_09_export.csv",""
"T00949","A003","2025-04-03","2025-04-04","LAS VEGAS ATHLETIC CLUB","-64.4","USD","A003_04_export.csv",""
"T00950","A004","2025-07-07 00:00:00","2025-07-08","Uber","-69.46","USD","A004_07_export.csv","Shopping"
"T00951","A005","2025-08-31 00:00:00","2025-09-01","CVS/PHARMACY #8829","-85.62","USD","A005_08_export.csv",""
"T00952","A004","2025-03-01","2025-03-03","Yard House","-82.17","USD","A004_03_export.csv",""
"T00953","A004","2025-04-12 00:00:00","2025-04-13","TARGET T-2450","-15.85","USD","A004_04_export.csv",""
"T00954","A005","2025-12-09","2025-12-10","Marriott","-159.97","USD","A005_12_export.csv",""
"T00955","A002","1/18/2025","2025-01-19","AMZN Mktp US*","-197.7","USD","A002_01_export.csv",""
"T00956","A004","4/16/2025","2025-04-18","NIKE LAS VEGAS","-44.88","USD","A004_04_export.csv",""
"T00957","A001","2025-03-17","2025-03-18","LAS VEGAS ATHLETIC CLUB","-107.66","USD","A001_03_export.csv",""
"T00958","A002","4/23/2025","2025-04-24","Trader Joe's","-76.88","USD","A002_04_export.csv",""
"T00959","A005","11/17/2025","2025-11-19","SMITHS GROCERY 0348","-71.23","USD","A005_11_export.csv",""
"T00960","A005","2025-06-28","2025-06-29","UBER *EATS","-75.05","USD","A005_06_export.csv",""
"T00961","A004","2025-01-03","2025-01-04","NV Energy","-84.59","USD","A004_01_export.csv",""
"T00962","A005","4/1/2025","2025-04-02","AMAZON.COM*","-246.33","USD","A005_04_export.csv",""
"T00963","A001","2025-01-07","2025-01-09","SMITHS GROCERY 0348","-91.41","USD","A001_01_export.csv",""
"T00964","A005","2025-06-12 00:00:00","2025-06-13","Cox Communications","-219.44","USD","A005_06_export.csv","Food"
"T00965","A002","2025-11-05","2025-11-06","Amazon","-195.96","USD","A002_11_export.csv",""
"T00966","A004","7/23/2025","2025-07-24","CVS","-20.55","USD","A004_07_export.csv",""
"T00967","A003","2025-10-24","2025-10-25","Yard House","-17.58","USD","A003_10_export.csv",""
"T00968","A003","2025-05-06 00:00:00","2025-05-08","SMITHS GROCERY 0348","-110.87","USD","A003_05_export.csv",""
"T00969","A005","2025-02-20","2025-02-21","COX COMMUNICATIONS","-121.37","USD","A005_02_export.csv",""
"T00970","A003","1/23/2025","2025-01-24","Uber","-18.24","USD","A003_01_export.csv","Bills"
"T00971","A003","2/10/2025","2025-02-11","Nike","-225.89","USD","A003_02_export.csv",""
"T00972","A005","2025-10-06 00:00:00","2025-10-07","Cox Communications","-189.83","USD","A005_10_export.csv","Shopping"
"T00973","A002","2/4/2025","2025-02-05","Walgreens","-66.18","USD","A002_02_export.csv",""
"T00974","A005","2025-11-07","2025-11-09","Walgreens","-37.52","USD","A005_11_export.csv",""
"T00975","A005","2025-02-24","2025-02-25","Airbnb","-652.36","USD","A005_02_export.csv",""
"T00976","A004","2025-11-19 00:00:00","2025-11-20","WALGREENS #04712","-58.08","USD","A004_11_export.csv",""
"T00977","A001","2025-08-17 00:00:00","2025-08-18","Southwest Airlines","-669.88","USD","A001_08_export.csv",""
"T00978","A005","2025-09-25 00:00:00","2025-09-26","SW GAS CORP","-128.79","USD","A005_09_export.csv",""
"T00979","A004","10/2/2025","2025-10-03","AMAZON.COM*","-91.33","USD","A004_10_export.csv","Other"
"T00980","A001","8/23/2025","2025-08-24","Uber","-23.8","USD","A001_08_export.csv",""
"T00981","A005","8/5/2025","2025-08-07","Spotify","-38.72","USD","A005_08_export.csv",""
"T00982","A001","2025-01-11","2025-01-12","UBER *TRIP","-45.87","USD","A001_01_export.csv",""
"T00983","A002","2025-07-23","2025-07-24","WALGREENS #04712","-11.44","USD","A002_07_export.csv",""
"T00984","A001","1/27/2025","2025-01-28","NV Energy","-106.38","USD","A001_01_export.csv",""
"T00985","A004","2025-02-27","2025-02-28","Nike","-69.32","USD","A004_02_export.csv",""
"T00986","A005","9/28/2025","2025-09-29","YARD HOUSE 8387","-89.94","USD","A005_09_export.csv",""
"T00987","A004","2025-12-18","2025-12-19","NETFLIX.COM","-33.29","USD","A004_12_export.csv",""
"T00988","A003","2025-04-04","2025-04-05","Shell","-77.06","USD","A003_04_export.csv",""
"T00989","A004","3/30/2025","2025-03-31","AMC 0039 TOWN SQUARE","-38.34","USD","A004_03_export.csv",""
"T00990","A003","2025-10-14","2025-10-15","SMITHS #348","-48.38","USD","A003_10_export.csv",""
"T00991","A003","2025-06-10 00:00:00","2025-06-11","SPOTIFY USA","-29.31","USD","A003_06_export.csv",""
"T00992","A003","2025-03-19","2025-03-20","YARD HOUSE 8387","-34.31","USD","A003_03_export.csv",""
"T00993","A003","2025-12-02","2025-12-03","AIRBNB * HM","-612.13","USD","A003_12_export.csv",""
"T00994","A004","2025-04-29","2025-04-30","TARGET T-2450","-188.31","USD","A004_04_export.csv",""
"T00995","A002","2025-02-03 00:00:00","2025-02-05","AIRBNB * HM","-762.22","USD","A002_02_export.csv",""
"T00996","A002","6/25/2025","2025-06-26","SPOTIFY USA","-33.1","USD","A002_06_export.csv",""
"T00997","A004","2025-03-25","2025-03-27","LAS VEGAS ATHLETIC CLUB","-78.9","USD","A004_03_export.csv",""
"T00998","A004","2025-11-22 00:00:00","2025-11-23","COX COMMUNICATIONS","-91.96","USD","A004_11_export.csv",""
"T00999","A004","1/22/2025","2025-01-23","Airbnb","-431.91","USD","A004_01_export.csv",""
"T01000","A003","2025-11-20 00:00:00","2025-11-22","COX COMMUNICATIONS","-160.08","USD","A003_11_export.csv",""
"T01001","A005","2025-11-22","2025-11-23","TARGET T-2450","-85.63","USD","A005_11_export.csv","Other"
"T01002","A001","4/21/2025","2025-04-22","LAS VEGAS ATHLETIC CLUB","-47.66","USD","A001_04_export.csv",""
"T01003","A003","2025-07-24","2025-07-26","CVS/PHARMACY #8829","-89.59","USD","A003_07_export.csv","Bills"
"T01004","A001","2025-04-25","2025-04-26","TARGET T-2450","-183.14","USD","A001_04_export.csv",""
"T01005","A003","2025-11-19","2025-11-20","Uber","-90.73","USD","A003_11_export.csv",""
"T01006","A005","2025-10-12 00:00:00","2025-10-13","CHEVRON 0209341","-11.89","USD","A005_10_export.csv",""
"T01007","A005","2025-10-29","2025-10-30","Chevron","-67.54","USD","A005_10_export.csv",""
"T01008","A003","2/3/2025","2025-02-04","NV Energy","-181.07","USD","A003_02_export.csv",""
"T01009","A005","2025-07-05 00:00:00","2025-07-07","Cox Communications","-99.87","USD","A005_07_export.csv",""
"T01010","A005","2025-05-16 00:00:00","2025-05-17","Chevron","-60.92","USD","A005_05_export.csv","Food"
"T01011","A002","2025-12-12","2025-12-13","NV Energy","-123.64","USD","A002_12_export.csv","Bills"
"T01012","A004","2025-04-21 00:00:00","2025-04-22","CVS/PHARMACY #8829","-44.71","USD","A004_04_export.csv",""
"T01013","A005","2025-07-16","2025-07-17","Walgreens","-19.48","USD","A005_07_export.csv","Food"
"T01014","A004","2025-01-20","2025-01-21","Smith's","-173.27","USD","A004_01_export.csv",""
"T01015","A001","2025-12-07 00:00:00","2025-12-08","Costco","-132.5","USD","A001_12_export.csv",""
"T01016","A001","2025-09-15 00:00:00","2025-09-16","Nike","-151.9","USD","A001_09_export.csv",""
"T01017","A002","2025-04-24 00:00:00","2025-04-26","AMAZON.COM*","-253.17","USD","A002_04_export.csv",""
"T01018","A003","2/8/2025","2025-02-09","Spotify","-55.04","USD","A003_02_export.csv",""
"T01019","A005","2025-02-26","2025-02-27","LAS VEGAS ATHLETIC CLUB","-46.8","USD","A005_02_export.csv",""
"T01020","A004","2025-04-23 00:00:00","2025-04-25","Costco","-129.55","USD","A004_04_export.csv",""
"T01021","A004","2025-03-27","2025-03-28","AMC Theatres","-70.64","USD","A004_03_export.csv",""
"T01022","A005","2025-02-23","2025-02-24","Walgreens","-67.02","USD","A005_02_export.csv",""
"T01023","A005","2025-12-06 00:00:00","2025-12-08","COSTCO WHSE #1320","-146.63","USD","A005_12_export.csv",""
"T01024","A001","2025-02-11","2025-02-12","Netflix","-68.39","USD","A001_02_export.csv","Shopping"
"T01025","A001","2025-07-26","2025-07-28","Spotify","-74.14","USD","A001_07_export.csv",""
"T01026","A001","6/25/2025","2025-06-26","Southwest Airlines","-528.26","USD","A001_06_export.csv",""
"T01027","A002","12/11/2025","2025-12-13","Uber","-92.25","USD","A002_12_export.csv",""
"T01028","A001","2025-12-28 00:00:00","2025-12-29","Yard House","-15.04","USD","A001_12_export.csv",""
"T01029","A001","2025-02-21 00:00:00","2025-02-22","Cox Communications","-221.76","USD","A001_02_export.csv",""
"T01030","A003","2025-10-04 00:00:00","2025-10-05","NIKE LAS VEGAS","-36.43","USD","A003_10_export.csv",""
"T01031","A004","2025-01-30","2025-01-31","CVS","-36.7","USD","A004_01_export.csv",""
"T01032","A005","2025-03-20","2025-03-21","LAS VEGAS ATHLETIC CLUB","-120.26","USD","A005_03_export.csv",""
"T01033","A003","5/19/2025","2025-05-20","NVENERGY PAYMENT","-189.1","USD","A003_05_export.csv",""
"T01034","A002","3/10/2025","2025-03-11","AMZN Mktp US*","-187.51","USD","A002_03_export.csv",""
"T01035","A003","2025-05-06 00:00:00","2025-05-07","SMITHS GROCERY 0348","-127.46","USD","A003_05_export.csv",""
"T01036","A004","7/9/2025","2025-07-10","UBER *TRIP","-83.55","USD","A004_07_export.csv","Bills"
"T01037","A005","3/6/2025","2025-03-07","AMC Theatres","-63.45","USD","A005_03_export.csv",""
"T01038","A004","2025-01-02 00:00:00","2025-01-03","Uber Eats","-34.68","USD","A004_01_export.csv",""
"T01039","A005","2025-01-11","2025-01-12","AMZN Mktp US*","-87.13","USD","A005_01_export.csv","Food"
"T01040","A001","9/17/2025","2025-09-18","Chipotle","-72.36","USD","A001_09_export.csv",""
"T01041","A005","5/23/2025","2025-05-24","SMITHS GROCERY 0348","-19.11","USD","A005_05_export.csv",""
"T01042","A005","2025-04-02 00:00:00","2025-04-03","WALGREENS #04712","-60.08","USD","A005_04_export.csv",""
"T01043","A003","2025-11-09","2025-11-10","AMAZON.COM*","-82.32","USD","A003_11_export.csv",""
"T01044","A002","2025-04-05 00:00:00","2025-04-07","Target","-159.24","USD","A002_04_export.csv","Shopping"
"T01045","A005","2025-03-19 00:00:00","2025-03-20","AMC 0039 TOWN SQUARE","-70.39","USD","A005_03_export.csv","Shopping"
"T01046","A001","2025-08-12","2025-08-13","YARD HOUSE 8387","-83.8","USD","A001_08_export.csv","Shopping"
"T01047","A002","2025-10-02","2025-10-03","AIRBNB * HM","-891.32","USD","A002_10_export.csv",""
"T01048","A002","10/17/2025","2025-10-19","YARD HOUSE 8387","-87.66","USD","A002_10_export.csv",""
"T01049","A004","2025-09-04 00:00:00","2025-09-05","SW GAS CORP","-98.9","USD","A004_09_export.csv","Other"
"T01050","A002","11/15/2025","2025-11-16","SMITHS #348","-143.48","USD","A002_11_export.csv",""
"T01051","A001","4/23/2025","2025-04-24","Marriott","-364.26","USD","A001_04_export.csv",""
"T01052","A005","2025-08-18 00:00:00","2025-08-19","COSTCO WHSE #1320","-44.94","USD","A005_08_export.csv",""
"T01053","A002","8/2/2025","2025-08-03","DD *DOORDASH","-63.9","USD","A002_08_export.csv",""
"T01054","A001","2025-07-28 00:00:00","2025-07-29","SW GAS CORP","-172.21","USD","A001_07_export.csv",""
"T01055","A004","2025-08-28 00:00:00","2025-08-29","TRADER JOES 124","-46.13","USD","A004_08_export.csv",""
"T01056","A001","9/19/2025","2025-09-20","Yard House","-86.44","USD","A001_09_export.csv",""
"T01057","A002","2025-12-25 00:00:00","2025-12-27","YARD HOUSE 8387","-75.32","USD","A002_12_export.csv",""
"T01058","A002","4/26/2025","2025-04-27","Smith's","-19.73","USD","A002_04_export.csv",""
"T01059","A001","2025-07-01","2025-07-02","AMAZON.COM*","-220.84","USD","A001_07_export.csv",""
"T01060","A002","2/21/2025","2025-02-23","NV Energy","-90.63","USD","A002_02_export.csv",""
"T01061","A003","2025-01-28 00:00:00","2025-01-30","Walgreens","-20.46","USD","A003_01_export.csv",""
"T01062","A002","4/15/2025","2025-04-16","Yard House","-88.54","USD","A002_04_export.csv",""
"T01063","A003","2025-03-08","2025-03-09","Netflix","-30.83","USD","A003_03_export.csv",""
"T01064","A005","2025-12-24 00:00:00","2025-12-25","NVENERGY PAYMENT","-84.24","USD","A005_12_export.csv",""
"T01065","A001","2025-06-20","2025-06-21","SW GAS CORP","-92.15","USD","A001_06_export.csv",""
"T01066","A003","2025-10-22","2025-10-23","SOUTHWEST AIR","-865.49","USD","A003_10_export.csv",""
"T01067","A001","7/28/2025","2025-07-30","Cox Communications","-214.93","USD","A001_07_export.csv",""
"T01068","A002","2025-01-18 00:00:00","2025-01-20","Uber Eats","-91","USD","A002_01_export.csv",""
"T01069","A002","2025-03-01 00:00:00","2025-03-02","SMITHS #348","-87.75","USD","A002_03_export.csv",""
"T01070","A005","2025-07-02 00:00:00","2025-07-03","Chipotle","-55.14","USD","A005_07_export.csv",""
"T01071","A003","1/13/2025","2025-01-14","Chevron","-52.54","USD","A003_01_export.csv",""
"T01072","A002","2025-03-14 00:00:00","2025-03-15","AIRBNB * HM","-539.22","USD","A002_03_export.csv",""
"T01073","A004","2025-11-21","2025-11-23","Uber Eats","-46.48","USD","A004_11_export.csv",""
"T01074","A001","2025-02-01","2025-02-03","UBER *TRIP","-90.35","USD","A001_02_export.csv",""
"T01075","A001","2025-08-28","2025-08-29","AIRBNB * HM","-553.83","USD","A001_08_export.csv",""
"T01076","A001","2025-05-23","2025-05-25","Netflix","-71.81","USD","A001_05_export.csv",""
"T01077","A003","2025-11-05","2025-11-06","SW GAS CORP","-165.12","USD","A003_11_export.csv",""
"T01078","A005","2025-01-04 00:00:00","2025-01-06","NETFLIX.COM","-70.59","USD","A005_01_export.csv",""
"T01079","A002","11/18/2025","2025-11-19","Walgreens","-124.21","USD","A002_11_export.csv",""
"T01080","A004","1/18/2025","2025-01-19","SMITHS #348","-143.73","USD","A004_01_export.csv","Shopping"
"T01081","A004","2025-12-21","2025-12-23","Cox Communications","-95.62","USD","A004_12_export.csv","Shopping"
"T01082","A002","2025-12-24 00:00:00","2025-12-25","Southwest Airlines","-582.44","USD","A002_12_export.csv",""
"T01083","A001","2025-12-30","2025-12-31","CHEVRON 0209341","-32.16","USD","A001_12_export.csv",""
"T01084","A001","6/24/2025","2025-06-25","Netflix","-50.41","USD","A001_06_export.csv",""
"T01085","A005","7/18/2025","2025-07-19","Nike","-229.81","USD","A005_07_export.csv",""
"T01086","A004","9/8/2025","2025-09-09","DoorDash","-111.67","USD","A004_09_export.csv",""
"T01087","A004","2025-05-21 00:00:00","2025-05-23","Southwest Gas","-72.2","USD","A004_05_export.csv",""
"T01088","A001","6/16/2025","2025-06-17","SW GAS CORP","-218.9","USD","A001_06_export.csv","Bills"
"T01089","A003","2025-10-30 00:00:00","2025-11-01","DD *DOORDASH","-61.74","USD","A003_10_export.csv",""
"T01090","A003","2025-11-14 00:00:00","2025-11-16","Marriott","-267.7","USD","A003_11_export.csv",""
"T01091","A003","2025-02-11 00:00:00","2025-02-12","Shell","-10.67","USD","A003_02_export.csv",""
"T01092","A002","2025-04-02","2025-04-03","CVS","-22.18","USD","A002_04_export.csv",""
"T01093","A003","2025-07-29","2025-07-30","NVENERGY PAYMENT","-181.57","USD","A003_07_export.csv",""
"T01094","A004","2025-12-25","2025-12-26","CVS","-10.92","USD","A004_12_export.csv",""
"T01095","A005","1/9/2025","2025-01-10","UBER *TRIP","-47.14","USD","A005_01_export.csv",""
"T01096","A001","3/6/2025","2025-03-07","UBER *TRIP","-51.96","USD","A001_03_export.csv",""
"T01097","A004","2025-04-22","2025-04-23","Marriott","-618.54","USD","A004_04_export.csv",""
"T01098","A005","2025-12-13","2025-12-15","SHELL OIL 5742","-53.64","USD","A005_12_export.csv",""
"T01099","A001","9/12/2025","2025-09-13","Uber Eats","-79.12","USD","A001_09_export.csv",""
"T01100","A004","2025-05-30","2025-05-31","DOORDASH*TEMP AUTH","-25.8","USD","A004_05_export.csv",""
"T01101","A003","6/17/2025","2025-06-18","Marriott","-359.85","USD","A003_06_export.csv","Shopping"
"T01102","A003","2025-05-08","2025-05-09","CVS/PHARMACY #8829","-75.05","USD","A003_05_export.csv",""
"T01103","A004","2025-12-18 00:00:00","2025-12-19","TRADER JOES 124","-88.4","USD","A004_12_export.csv",""
"T01104","A003","2/24/2025","2025-02-25","SHELL OIL 5742","-84.63","USD","A003_02_export.csv",""
"T01105","A001","2025-09-10","2025-09-11","Target","-141.04","USD","A001_09_export.csv",""
"T01106","A002","2025-03-17 00:00:00","2025-03-18","COX COMMUNICATIONS","-98.4","USD","A002_03_export.csv",""
"T01107","A003","11/25/2025","2025-11-26","COSTCO WHSE #1320","-133.05","USD","A003_11_export.csv",""
"T01108","A003","2025-07-09","2025-07-10","UBER *TRIP","-19.3","USD","A003_07_export.csv",""
"T01109","A002","2025-10-22 00:00:00","2025-10-23","SW GAS CORP","-153.22","USD","A002_10_export.csv",""
"T01110","A002","2/3/2025","2025-02-04","Chevron","-33.92","USD","A002_02_export.csv",""
"T01111","A004","2025-03-26","2025-03-28","LAS VEGAS ATHLETIC CLUB","-22.79","USD","A004_03_export.csv",""
"T01112","A001","2025-06-22","2025-06-23","Marriott","-568.69","USD","A001_06_export.csv",""
"T01113","A005","2025-10-31 00:00:00","2025-11-01","Amazon","-70.03","USD","A005_10_export.csv",""
"T01114","A005","2025-02-09","2025-02-11","SOUTHWEST AIR","-218.06","USD","A005_02_export.csv","Bills"
"T01115","A004","2025-08-04","2025-08-05","Trader Joe's","-175.22","USD","A004_08_export.csv",""
"T01116","A005","2025-03-30 00:00:00","2025-03-31","Uber Eats","-73.66","USD","A005_03_export.csv",""
"T01117","A003","5/6/2025","2025-05-07","LVAC","-19.1","USD","A003_05_export.csv",""
"T01118","A005","12/6/2025","2025-12-07","AIRBNB * HM","-580.22","USD","A005_12_export.csv",""
"T01119","A002","10/6/2025","2025-10-07","AMAZON.COM*","-207.82","USD","A002_10_export.csv","Shopping"
"T01120","A005","2025-11-05 00:00:00","2025-11-07","LAS VEGAS ATHLETIC CLUB","-88.04","USD","A005_11_export.csv",""
"T01121","A003","2025-03-01 00:00:00","2025-03-02","Smith's","-59.99","USD","A003_03_export.csv",""
"T01122","A003","2025-12-26","2025-12-27","Airbnb","-351.7","USD","A003_12_export.csv",""
"T01123","A005","2025-04-22 00:00:00","2025-04-23","NIKE LAS VEGAS","-222.1","USD","A005_04_export.csv",""
"T01124","A003","2025-02-20 00:00:00","2025-02-21","TRADER JOES 124","-66.06","USD","A003_02_export.csv",""
"T01125","A001","2025-10-07 00:00:00","2025-10-08","Uber","-43.58","USD","A001_10_export.csv",""
"T01126","A003","2025-09-03","2025-09-04","Southwest Gas","-184.63","USD","A003_09_export.csv",""
"T01127","A004","2025-08-19 00:00:00","2025-08-21","LAS VEGAS ATHLETIC CLUB","-13.06","USD","A004_08_export.csv",""
"T01128","A004","8/5/2025","2025-08-06","Smith's","-42.86","USD","A004_08_export.csv",""
"T01129","A001","2025-10-12","2025-10-13","AMAZON.COM*","-64.85","USD","A001_10_export.csv",""
"T01130","A003","3/7/2025","2025-03-09","AMC 0039 TOWN SQUARE","-66.67","USD","A003_03_export.csv","Bills"
"T01131","A002","2025-05-09 00:00:00","2025-05-10","COSTCO WHSE #1320","-57.88","USD","A002_05_export.csv",""
"T01132","A005","2025-09-17","2025-09-18","AMAZON.COM*","-23.54","USD","A005_09_export.csv",""
"T01133","A004","2025-09-19 00:00:00","2025-09-20","TARGET T-2450","-104.39","USD","A004_09_export.csv","Food"
"T01134","A003","2025-07-29","2025-07-30","YARD HOUSE 8387","-76.89","USD","A003_07_export.csv",""
"T01135","A003","9/29/2025","2025-09-30","WALGREENS #04712","-60.63","USD","A003_09_export.csv",""
"T01136","A001","2025-03-22","2025-03-24","SW GAS CORP","-155.57","USD","A001_03_export.csv",""
"T01137","A003","2025-10-14","2025-10-15","Southwest Airlines","-410.6","USD","A003_10_export.csv","Food"
"T01138","A005","2025-10-30 00:00:00","2025-10-31","YARD HOUSE 8387","-103.73","USD","A005_10_export.csv",""
"T01139","A002","1/7/2025","2025-01-08","Shell","-38.62","USD","A002_01_export.csv",""
"T01140","A001","7/27/2025","2025-07-28","Yard House","-63.51","USD","A001_07_export.csv",""
"T01141","A002","8/20/2025","2025-08-21","Costco","-38.83","USD","A002_08_export.csv",""
"T01142","A005","4/27/2025","2025-04-28","CVS/PHARMACY #8829","-86.39","USD","A005_04_export.csv",""
"T01143","A004","12/7/2025","2025-12-08","Walgreens","-123.49","USD","A004_12_export.csv",""
"T01144","A002","2025-01-23 00:00:00","2025-01-24","Shell","-9.06","USD","A002_01_export.csv",""
"T01145","A003","2025-10-25 00:00:00","2025-10-26","Airbnb","-929.27","USD","A003_10_export.csv",""
"T01146","A002","2025-01-22 00:00:00","2025-01-23","Costco","-68.32","USD","A002_01_export.csv","Bills"
"T01147","A004","2025-02-17","2025-02-18","UBER *EATS","-39.63","USD","A004_02_export.csv",""
"T01148","A004","10/22/2025","2025-10-23","Trader Joe's","-50.92","USD","A004_10_export.csv",""
"T01149","A004","4/11/2025","2025-04-12","SPOTIFY USA","-12.95","USD","A004_04_export.csv",""
"T01150","A004","9/15/2025","2025-09-16","LVAC","-16.05","USD","A004_09_export.csv",""
"T01151","A004","2025-09-10 00:00:00","2025-09-11","TRADER JOES 124","-125.64","USD","A004_09_export.csv",""
"T01152","A005","2025-01-27","2025-01-28","Costco","-135.27","USD","A005_01_export.csv",""
"T01153","A004","8/25/2025","2025-08-26","Target","-234.3","USD","A004_08_export.csv",""
"T01154","A003","2025-07-03 00:00:00","2025-07-04","SOUTHWEST AIR","-581.78","USD","A003_07_export.csv",""
"T01155","A001","6/17/2025","2025-06-18","CHIPOTLE 2841","-77.79","USD","A001_06_export.csv",""
"T01156","A002","8/16/2025","2025-08-17","Nike","-231.16","USD","A002_08_export.csv",""
"T01157","A004","2025-07-23","2025-07-24","TRADER JOES 124","-48.67","USD","A004_07_export.csv",""
"T01158","A003","8/1/2025","2025-08-02","UBER *EATS","-90.67","USD","A003_08_export.csv",""
"T01159","A005","2025-11-30","2025-12-02","CVS/PHARMACY #8829","-73.51","USD","A005_11_export.csv",""
"T01160","A005","2025-09-23 00:00:00","2025-09-24","AIRBNB * HM","-294.7","USD","A005_09_export.csv","Food"
"T01161","A003","2025-01-25","2025-01-26","Walgreens","-74.22","USD","A003_01_export.csv",""
"T01162","A005","2025-12-17 00:00:00","2025-12-18","Airbnb","-427.64","USD","A005_12_export.csv","Other"
"T01163","A003","2025-08-05","2025-08-06","AMC 0039 TOWN SQUARE","-44.49","USD","A003_08_export.csv",""
"T01164","A001","2025-08-04","2025-08-05","AMC 0039 TOWN SQUARE","-54.42","USD","A001_08_export.csv",""
"T01165","A001","2025-08-23 00:00:00","2025-08-24","Airbnb","-670.7","USD","A001_08_export.csv","Other"
"T01166","A001","10/8/2025","2025-10-09","Marriott","-810.84","USD","A001_10_export.csv",""
"T01167","A001","1/25/2025","2025-01-27","YARD HOUSE 8387","-28.79","USD","A001_01_export.csv","Food"
"T01168","A002","2025-08-05 00:00:00","2025-08-06","SW GAS CORP","-169.95","USD","A002_08_export.csv",""
"T01169","A004","2025-06-26 00:00:00","2025-06-27","LVAC","-54.51","USD","A004_06_export.csv",""
"T01170","A001","2025-04-20","2025-04-22","Chipotle","-99.9","USD","A001_04_export.csv",""
"T01171","A004","6/30/2025","2025-07-01","DOORDASH*TEMP AUTH","-23.29","USD","A004_06_export.csv",""
"T01172","A002","2025-08-11","2025-08-12","Spotify","-28.09","USD","A002_08_export.csv",""
"T01173","A004","3/2/2025","2025-03-03","AMC 0039 TOWN SQUARE","-63.58","USD","A004_03_export.csv",""
"T01174","A005","2025-05-02 00:00:00","2025-05-04","LAS VEGAS ATHLETIC CLUB","-38.41","USD","A005_05_export.csv",""
"T01175","A005","10/19/2025","2025-10-21","AIRBNB * HM","-505.73","USD","A005_10_export.csv",""
"T01176","A005","2025-01-07","2025-01-09","Netflix","-53.32","USD","A005_01_export.csv",""
"T01177","A004","2025-01-28 00:00:00","2025-01-29","Target","-20.9","USD","A004_01_export.csv",""
"T01178","A003","2/15/2025","2025-02-16","CVS","-36.02","USD","A003_02_export.csv",""
"T01179","A005","2025-06-14 00:00:00","2025-06-16","SMITHS GROCERY 0348","-186.88","USD","A005_06_export.csv","Other"
"T01180","A004","4/15/2025","2025-04-16","SW GAS CORP","-81.32","USD","A004_04_export.csv",""
"T01181","A001","2025-05-01","2025-05-02","Uber","-14.5","USD","A001_05_export.csv",""
"T01182","A003","2025-08-24 00:00:00","2025-08-25","SMITHS GROCERY 0348","-173.11","USD","A003_08_export.csv",""
"T01183","A001","2025-11-29","2025-11-30","Marriott","-473.88","USD","A001_11_export.csv",""
"T01184","A004","2025-07-14 00:00:00","2025-07-15","Yard House","-16.84","USD","A004_07_export.csv","Other"
"T01185","A001","2025-03-09","2025-03-10","NVENERGY PAYMENT","-78","USD","A001_03_export.csv",""
"T01186","A005","8/14/2025","2025-08-15","Airbnb","-637.33","USD","A005_08_export.csv",""
"T01187","A002","2025-01-28 00:00:00","2025-01-29","Chevron","-51.86","USD","A002_01_export.csv",""
"T01188","A001","1/23/2025","2025-01-25","SPOTIFY USA","-29.77","USD","A001_01_export.csv",""
"T01189","A005","2025-03-09 00:00:00","2025-03-10","Nike","-127.5","USD","A005_03_export.csv",""
"T01190","A003","2025-05-17 00:00:00","2025-05-18","Uber","-26.66","USD","A003_05_export.csv",""
"T01191","A001","4/24/2025","2025-04-25","Southwest Gas","-200.72","USD","A001_04_export.csv",""
"T01192","A001","6/3/2025","2025-06-04","LAS VEGAS ATHLETIC CLUB","-11.22","USD","A001_06_export.csv",""
"T01193","A002","2025-06-03","2025-06-04","LVAC","-104.92","USD","A002_06_export.csv","Shopping"
"T01194","A001","6/4/2025","2025-06-06","Nike","-66.81","USD","A001_06_export.csv",""
"T01195","A005","2025-11-28 00:00:00","2025-11-29","NETFLIX.COM","-48.02","USD","A005_11_export.csv",""
"T01196","A003","2025-03-31","2025-04-01","SMITHS #348","-170.81","USD","A003_03_export.csv",""
"T01197","A004","2025-03-28","2025-03-29","Netflix","-71.51","USD","A004_03_export.csv",""
"T01198","A002","2025-02-07","2025-02-08","Costco","-42.5","USD","A002_02_export.csv",""
"T01199","A002","2025-06-28","2025-06-29","Uber Eats","-13.1","USD","A002_06_export.csv",""
"T01200","A004","2025-10-24 00:00:00","2025-10-25","CHEVRON 0209341","-63.79","USD","A004_10_export.csv",""
"T01201","A003","2025-04-01","2025-04-02","Southwest Airlines","-586.14","USD","A003_04_export.csv",""
"T01202","A004","2025-10-19 00:00:00","2025-10-20","UBER *TRIP","-43.26","USD","A004_10_export.csv",""
"T01203","A003","2025-03-09","2025-03-10","NVENERGY PAYMENT","-239.01","USD","A003_03_export.csv","Shopping"
"T01204","A003","1/2/2025","2025-01-03","CVS/PHARMACY #8829","-17.92","USD","A003_01_export.csv",""
"T01205","A002","8/27/2025","2025-08-28","Chevron","-66.67","USD","A002_08_export.csv",""
"T01206","A002","10/3/2025","2025-10-04","COSTCO WHSE #1320","-163.16","USD","A002_10_export.csv",""
"T01207","A001","2/24/2025","2025-02-25","Uber","-63.8","USD","A001_02_export.csv",""
"T01208","A002","2025-10-08 00:00:00","2025-10-09","LVAC","-92.02","USD","A002_10_export.csv",""
"T01209","A004","2025-01-22 00:00:00","2025-01-24","Chevron","-77.26","USD","A004_01_export.csv","Food"
"T01210","A005","2/17/2025","2025-02-19","CVS","-101.07","USD","A005_02_export.csv",""
"T01211","A002","6/4/2025","2025-06-05","UBER *TRIP","-65.64","USD","A002_06_export.csv",""
"T01212","A003","2025-03-11 00:00:00","2025-03-12","Walgreens","-100.23","USD","A003_03_export.csv",""
"T01213","A003","2025-04-15 00:00:00","2025-04-16","Costco","-105.04","USD","A003_04_export.csv",""
"T01214","A005","2025-03-23","2025-03-24","Chevron","-56.73","USD","A005_03_export.csv",""
"T01215","A004","2025-10-16 00:00:00","2025-10-18","AMAZON.COM*","-103.9","USD","A004_10_export.csv",""
"T01216","A002","2025-02-21 00:00:00","2025-02-22","TRADER JOES 124","-169.05","USD","A002_02_export.csv",""
"T01217","A001","2025-08-10","2025-08-11","Southwest Airlines","-352.2","USD","A001_08_export.csv",""
"T01218","A002","11/27/2025","2025-11-28","Uber Eats","-90.39","USD","A002_11_export.csv",""
"T01219","A003","1/17/2025","2025-01-18","TRADER JOES 124","-33.66","USD","A003_01_export.csv",""
"T01220","A005","2025-12-05","2025-12-06","Uber","-28.19","USD","A005_12_export.csv",""
"T01221","A004","2025-04-17","2025-04-19","AMC 0039 TOWN SQUARE","-72.74","USD","A004_04_export.csv",""
"T01222","A005","10/10/2025","2025-10-11","Spotify","-13.41","USD","A005_10_export.csv",""
"T01223","A003","1/20/2025","2025-01-21","Amazon","-78.15","USD","A003_01_export.csv",""
"T01224","A005","2025-11-25 00:00:00","2025-11-26","SMITHS #348","-113.21","USD","A005_11_export.csv",""
"T01225","A005","2025-06-13 00:00:00","2025-06-14","Marriott","-791.16","USD","A005_06_export.csv",""
"T01226","A001","2025-01-12 00:00:00","2025-01-13","MARRIOTT HOTEL","-216.6","USD","A001_01_export.csv",""
"T01227","A004","9/8/2025","2025-09-09","CHEVRON 0209341","-40.92","USD","A004_09_export.csv",""
"T01228","A001","2025-03-04","2025-03-06","Uber","-92.94","USD","A001_03_export.csv",""
"T01229","A005","9/27/2025","2025-09-28","NV Energy","-72.85","USD","A005_09_export.csv",""
"T01230","A005","2025-07-11","2025-07-12","TARGET T-2450","-113.49","USD","A005_07_export.csv",""
"T01231","A004","9/2/2025","2025-09-03","Cox Communications","-146.97","USD","A004_09_export.csv",""
"T01232","A004","2025-04-11 00:00:00","2025-04-12","Walgreens","-39.07","USD","A004_04_export.csv",""
"T01233","A003","2/18/2025","2025-02-19","TRADER JOES 124","-118.23","USD","A003_02_export.csv",""
"T01234","A005","2025-02-20","2025-02-21","Southwest Airlines","-270.15","USD","A005_02_export.csv","Shopping"
"T01235","A001","11/15/2025","2025-11-16","SW GAS CORP","-83.46","USD","A001_11_export.csv",""
"T01236","A002","11/12/2025","2025-11-13","SMITHS #348","-109.63","USD","A002_11_export.csv",""
"T01237","A004","2025-03-09 00:00:00","2025-03-11","Netflix","-59.03","USD","A004_03_export.csv",""
"T01238","A003","2025-02-24 00:00:00","2025-02-25","COX COMMUNICATIONS","-216.74","USD","A003_02_export.csv",""
"T01239","A005","2025-04-11","2025-04-12","NIKE LAS VEGAS","-237.62","USD","A005_04_export.csv",""
"T01240","A001","2025-05-09 00:00:00","2025-05-10","TARGET T-2450","-112.8","USD","A001_05_export.csv",""
"T01241","A005","2025-07-15 00:00:00","2025-07-16","SW GAS CORP","-55.14","USD","A005_07_export.csv",""
"T01242","A003","12/26/2025","2025-12-27","SPOTIFY USA","-64.24","USD","A003_12_export.csv",""
"T01243","A002","2025-01-06 00:00:00","2025-01-07","Shell","-78.25","USD","A002_01_export.csv",""
"T01244","A004","7/14/2025","2025-07-15","NV Energy","-235.61","USD","A004_07_export.csv",""
"T01245","A004","2025-06-27 00:00:00","2025-06-28","AMC Theatres","-12.97","USD","A004_06_export.csv",""
"T01246","A005","2025-09-10 00:00:00","2025-09-11","SOUTHWEST AIR","-398.73","USD","A005_09_export.csv",""
"T01247","A002","2025-04-25","2025-04-26","Southwest Airlines","-212.48","USD","A002_04_export.csv","Bills"
"T01248","A004","11/4/2025","2025-11-06","UBER EATS HELP","-77.5","USD","A004_11_export.csv",""
"T01249","A003","2025-05-20","2025-05-22","SMITHS GROCERY 0348","-137.17","USD","A003_05_export.csv",""
"T01250","A001","2/22/2025","2025-02-23","Spotify","-42.99","USD","A001_02_export.csv",""
"T01251","A003","9/13/2025","2025-09-14","SOUTHWEST AIR","-261.89","USD","A003_09_export.csv",""
"T01252","A004","2025-07-31","2025-08-01","SPOTIFY USA","-48.44","USD","A004_07_export.csv",""
"T01253","A004","3/13/2025","2025-03-15","Marriott","-823.64","USD","A004_03_export.csv",""
"T01254","A002","2025-03-02 00:00:00","2025-03-03","NVENERGY PAYMENT","-185.17","USD","A002_03_export.csv",""
"T01255","A003","2025-07-28","2025-07-29","Uber","-67.98","USD","A003_07_export.csv",""
"T01256","A002","10/28/2025","2025-10-29","Walgreens","-68.34","USD","A002_10_export.csv",""
"T01257","A002","4/9/2025","2025-04-10","UBER *TRIP","-67.23","USD","A002_04_export.csv",""
"T01258","A004","1/26/2025","2025-01-28","CVS/PHARMACY #8829","-101.96","USD","A004_01_export.csv",""
"T01259","A001","2025-07-28 00:00:00","2025-07-30","UBER *EATS","-51.04","USD","A001_07_export.csv",""
"T01260","A004","2025-09-18 00:00:00","2025-09-20","LVAC","-10.91","USD","A004_09_export.csv",""
"T01261","A003","2025-04-26","2025-04-28","Smith's","-86.6","USD","A003_04_export.csv",""
"T01262","A002","1/3/2025","2025-01-04","Cox Communications","-202.69","USD","A002_01_export.csv",""
"T01263","A003","2025-12-23","2025-12-25","Target","-162.61","USD","A003_12_export.csv",""
"T01264","A003","3/3/2025","2025-03-04","CHEVRON 0209341","-10.9","USD","A003_03_export.csv",""
"T01265","A003","6/20/2025","2025-06-21","NIKE LAS VEGAS","-55.1","USD","A003_06_export.csv","Other"
"T01266","A003","2025-11-09 00:00:00","2025-11-11","CVS/PHARMACY #8829","-75.38","USD","A003_11_export.csv",""
"T01267","A005","2025-06-01 00:00:00","2025-06-03","AMZN Mktp US*","-169.32","USD","A005_06_export.csv",""
"T01268","A004","2025-05-31","2025-06-01","SMITHS GROCERY 0348","-136.16","USD","A004_05_export.csv","Shopping"
"T01269","A004","4/19/2025","2025-04-20","Trader Joe's","-181.6","USD","A004_04_export.csv",""
"T01270","A004","2025-01-09 00:00:00","2025-01-10","AIRBNB * HM","-603.93","USD","A004_01_export.csv","Shopping"
"T01271","A003","2025-05-05","2025-05-06","CVS","-86.91","USD","A003_05_export.csv",""
"T01272","A002","2025-08-01 00:00:00","2025-08-02","Amazon","-79.88","USD","A002_08_export.csv","Bills"
"T01273","A004","2025-12-23 00:00:00","2025-12-25","Costco","-44.32","USD","A004_12_export.csv",""
"T01274","A002","11/8/2025","2025-11-09","Trader Joe's","-55","USD","A002_11_export.csv","Other"
"T01275","A005","2025-04-08","2025-04-09","Nike","-133.22","USD","A005_04_export.csv",""
"T01276","A003","2025-06-24 00:00:00","2025-06-25","COX COMMUNICATIONS","-176.46","USD","A003_06_export.csv",""
"T01277","A005","2025-11-25","2025-11-26","NV Energy","-202.96","USD","A005_11_export.csv",""
"T01278","A003","2025-03-23 00:00:00","2025-03-24","CHIPOTLE 2841","-36.69","USD","A003_03_export.csv",""
"T01279","A002","2025-01-28","2025-01-29","Yard House","-91.72","USD","A002_01_export.csv",""
"T01280","A002","2025-03-29","2025-03-30","Costco","-39.74","USD","A002_03_export.csv",""
"T01281","A004","2025-12-05","2025-12-06","LAS VEGAS ATHLETIC CLUB","-26.05","USD","A004_12_export.csv",""
"T01282","A004","2025-09-28","2025-09-29","Netflix","-50.59","USD","A004_09_export.csv",""
"T01283","A003","2025-05-14 00:00:00","2025-05-15","UBER *EATS","-52.41","USD","A003_05_export.csv",""
"T01284","A001","4/5/2025","2025-04-06","COX COMMUNICATIONS","-228.94","USD","A001_04_export.csv",""
"T01285","A002","2025-04-01","2025-04-02","Marriott","-721.2","USD","A002_04_export.csv","Food"
"T01286","A001","2025-11-04","2025-11-05","Southwest Airlines","-432.35","USD","A001_11_export.csv",""
"T01287","A003","2025-07-04","2025-07-06","Trader Joe's","-43.22","USD","A003_07_export.csv",""
"T01288","A001","2025-03-18 00:00:00","2025-03-19","NVENERGY PAYMENT","-206.43","USD","A001_03_export.csv","Shopping"
"T01289","A001","4/23/2025","2025-04-24","SW GAS CORP","-54.07","USD","A001_04_export.csv",""
"T01290","A002","10/29/2025","2025-10-30","AIRBNB * HM","-451.85","USD","A002_10_export.csv","Other"
"T01291","A003","2025-05-26","2025-05-27","NV Energy","-200.46","USD","A003_05_export.csv","Bills"
"T01292","A005","2025-04-15 00:00:00","2025-04-16","Southwest Airlines","-283.84","USD","A005_04_export.csv",""
"T01293","A004","8/2/2025","2025-08-03","AMC 0039 TOWN SQUARE","-39.82","USD","A004_08_export.csv",""
"T01294","A002","2025-07-08 00:00:00","2025-07-09","Nike","-137.77","USD","A002_07_export.csv","Shopping"
"T01295","A005","1/7/2025","2025-01-08","COX COMMUNICATIONS","-67.48","USD","A005_01_export.csv","Other"
"T01296","A004","2025-01-10","2025-01-11","NETFLIX.COM","-67.04","USD","A004_01_export.csv",""
"T01297","A004","2025-10-11","2025-10-12","WALGREENS #04712","-102.52","USD","A004_10_export.csv",""
"T01298","A002","2025-08-31","2025-09-01","SMITHS #348","-139.65","USD","A002_08_export.csv",""
"T01299","A005","8/5/2025","2025-08-07","Yard House","-65.83","USD","A005_08_export.csv",""
"T01300","A004","2025-02-28 00:00:00","2025-03-01","AMC Theatres","-39.99","USD","A004_02_export.csv",""
"T01301","A003","4/3/2025","2025-04-04","Chevron","-93.72","USD","A003_04_export.csv",""
"T01302","A004","2025-07-14","2025-07-15","COX COMMUNICATIONS","-64.01","USD","A004_07_export.csv",""
"T01303","A004","2/1/2025","2025-02-02","Cox Communications","-99.15","USD","A004_02_export.csv",""
"T01304","A004","2025-03-04","2025-03-05","AMZN Mktp US*","-116.9","USD","A004_03_export.csv",""
"T01305","A004","12/21/2025","2025-12-22","CVS","-108.47","USD","A004_12_export.csv",""
"T01306","A005","2025-03-01 00:00:00","2025-03-02","Uber","-14.16","USD","A005_03_export.csv",""
"T01307","A003","2025-06-07 00:00:00","2025-06-09","AMC 0039 TOWN SQUARE","-38.89","USD","A003_06_export.csv","Bills"
"T01308","A004","2025-06-06","2025-06-07","CHEVRON 0209341","-91.1","USD","A004_06_export.csv",""
"T01309","A002","2025-04-18","2025-04-19","Nike","-62.08","USD","A002_04_export.csv",""
"T01310","A002","10/15/2025","2025-10-16","AMZN Mktp US*","-169.06","USD","A002_10_export.csv",""
"T01311","A005","2025-01-21","2025-01-22","UBER EATS HELP","-79.42","USD","A005_01_export.csv",""
"T01312","A004","2025-03-18","2025-03-19","COSTCO WHSE #1320","-24.34","USD","A004_03_export.csv",""
"T01313","A002","2025-08-09","2025-08-10","COSTCO WHSE #1320","-91.45","USD","A002_08_export.csv",""
"T01314","A001","8/29/2025","2025-08-31","DD *DOORDASH","-29.32","USD","A001_08_export.csv",""
"T01315","A003","2025-10-29 00:00:00","2025-10-31","TARGET T-2450","-206.55","USD","A003_10_export.csv","Other"
"T01316","A002","2025-01-09","2025-01-10","DD *DOORDASH","-77.52","USD","A002_01_export.csv",""
"T01317","A004","2025-04-22","2025-04-23","Amazon","-118.95","USD","A004_04_export.csv",""
"T01318","A004","2025-03-01 00:00:00","2025-03-02","AIRBNB * HM","-821.77","USD","A004_03_export.csv",""
"T01319","A002","2025-07-17 00:00:00","2025-07-18","NVENERGY PAYMENT","-133.49","USD","A002_07_export.csv",""
"T01320","A003","5/10/2025","2025-05-11","COSTCO WHSE #1320","-50.81","USD","A003_05_export.csv",""
"T01321","A001","2025-01-31","2025-02-01","COSTCO WHSE #1320","-46.92","USD","A001_01_export.csv",""
"T01322","A005","2/11/2025","2025-02-12","CHIPOTLE 2841","-31.51","USD","A005_02_export.csv",""
"T01323","A005","10/3/2025","2025-10-04","Shell","-36.28","USD","A005_10_export.csv",""
"T01324","A005","2025-10-24","2025-10-25","MARRIOTT HOTEL","-740.41","USD","A005_10_export.csv",""
"T01325","A003","2025-02-26 00:00:00","2025-02-27","Trader Joe's","-183.86","USD","A003_02_export.csv",""
"T01326","A003","2025-11-03 00:00:00","2025-11-04","TRADER JOES 124","-22.21","USD","A003_11_export.csv",""
"T01327","A002","7/24/2025","2025-07-25","LVAC","-21.29","USD","A002_07_export.csv",""
"T01328","A002","11/9/2025","2025-11-10","Airbnb","-729.82","USD","A002_11_export.csv","Shopping"
"T01329","A004","2025-03-19 00:00:00","2025-03-20","NV Energy","-93.74","USD","A004_03_export.csv",""
"T01330","A004","2025-08-30","2025-08-31","SPOTIFY USA","-49.62","USD","A004_08_export.csv",""
"T01331","A005","2025-02-12 00:00:00","2025-02-13","Walgreens","-112.68","USD","A005_02_export.csv",""
"T01332","A001","4/22/2025","2025-04-24","Cox Communications","-193.51","USD","A001_04_export.csv",""
"T01333","A002","2025-09-08 00:00:00","2025-09-10","UBER *TRIP","-93.99","USD","A002_09_export.csv",""
"T01334","A004","2025-04-27","2025-04-28","UBER *EATS","-64.94","USD","A004_04_export.csv",""
"T01335","A004","2025-11-27 00:00:00","2025-11-28","TARGET T-2450","-193.22","USD","A004_11_export.csv",""
"T01336","A001","2025-06-24","2025-06-25","AMAZON.COM*","-107.73","USD","A001_06_export.csv",""
"T01337","A002","2025-07-31 00:00:00","2025-08-01","MARRIOTT HOTEL","-182.52","USD","A002_07_export.csv",""
"T01338","A004","2025-02-25 00:00:00","2025-02-26","Costco","-22.91","USD","A004_02_export.csv",""
"T01339","A003","5/7/2025","2025-05-08","Uber","-22.33","USD","A003_05_export.csv",""
"T01340","A001","2025-01-22","2025-01-23","UBER EATS HELP","-91.38","USD","A001_01_export.csv",""
"T01341","A002","2025-01-18 00:00:00","2025-01-19","AMC 0039 TOWN SQUARE","-47.22","USD","A002_01_export.csv",""
"T01342","A005","2025-01-09","2025-01-11","YARD HOUSE 8387","-96.89","USD","A005_01_export.csv",""
"T01343","A001","2025-04-07 00:00:00","2025-04-08","AMC 0039 TOWN SQUARE","-66.36","USD","A001_04_export.csv",""
"T01344","A002","11/7/2025","2025-11-08","Airbnb","-879.79","USD","A002_11_export.csv",""
"T01345","A005","2025-09-29 00:00:00","2025-09-30","MARRIOTT HOTEL","-470.81","USD","A005_09_export.csv",""
"T01346","A001","2025-11-18 00:00:00","2025-11-19","Netflix","-49.16","USD","A001_11_export.csv",""
"T01347","A004","2025-10-01 00:00:00","2025-10-02","Walgreens","-75.98","USD","A004_10_export.csv",""
"T01348","A002","8/19/2025","2025-08-21","Southwest Airlines","-811.18","USD","A002_08_export.csv","Food"
"T01349","A003","2025-02-02","2025-02-03","NV Energy","-69.23","USD","A003_02_export.csv",""
"T01350","A003","5/17/2025","2025-05-18","NETFLIX.COM","-68.32","USD","A003_05_export.csv",""
"T01351","A004","2025-06-19 00:00:00","2025-06-21","SW GAS CORP","-75.8","USD","A004_06_export.csv",""
"T01352","A004","9/1/2025","2025-09-02","UBER *EATS","-43.15","USD","A004_09_export.csv",""
"T01353","A003","2025-02-20","2025-02-21","Nike","-34.35","USD","A003_02_export.csv",""
"T01354","A002","2025-07-01 00:00:00","2025-07-02","CHEVRON 0209341","-81.57","USD","A002_07_export.csv",""
"T01355","A005","12/26/2025","2025-12-27","DOORDASH*TEMP AUTH","-38.31","USD","A005_12_export.csv",""
"T01356","A005","2025-06-11","2025-06-12","SHELL OIL 5742","-33.55","USD","A005_06_export.csv","Bills"
"T01357","A001","2025-11-14 00:00:00","2025-11-15","COX COMMUNICATIONS","-113.61","USD","A001_11_export.csv",""
"T01358","A002","2025-11-12 00:00:00","2025-11-13","DoorDash","-77.36","USD","A002_11_export.csv",""
"T01359","A003","3/10/2025","2025-03-11","CHIPOTLE 2841","-95.7","USD","A003_03_export.csv",""
"T01360","A003","2025-10-27","2025-10-28","DOORDASH*TEMP AUTH","-44.82","USD","A003_10_export.csv","Shopping"
"T01361","A002","8/19/2025","2025-08-20","SHELL OIL 5742","-76.92","USD","A002_08_export.csv",""
"T01362","A005","2025-04-04","2025-04-05","Marriott","-593.46","USD","A005_04_export.csv",""
"T01363","A002","2025-02-16 00:00:00","2025-02-17","TRADER JOES 124","-125.04","USD","A002_02_export.csv",""
"T01364","A003","5/8/2025","2025-05-10","COSTCO WHSE #1320","-149.05","USD","A003_05_export.csv",""
"T01365","A002","5/14/2025","2025-05-15","Chipotle","-71.78","USD","A002_05_export.csv",""
"T01366","A004","4/16/2025","2025-04-17","Costco","-184.76","USD","A004_04_export.csv",""
"T01367","A001","6/21/2025","2025-06-22","AMC Theatres","-38.6","USD","A001_06_export.csv",""
"T01368","A004","10/15/2025","2025-10-16","Costco","-171.32","USD","A004_10_export.csv",""
"T01369","A004","12/27/2025","2025-12-29","NIKE LAS VEGAS","-38.32","USD","A004_12_export.csv",""
"T01370","A003","2025-08-26","2025-08-27","Yard House","-105.63","USD","A003_08_export.csv",""
"T01371","A004","8/31/2025","2025-09-01","NIKE LAS VEGAS","-248.3","USD","A004_08_export.csv","Bills"
"T01372","A005","2025-04-22","2025-04-23","Walgreens","-14.21","USD","A005_04_export.csv",""
"T01373","A005","3/19/2025","2025-03-20","DoorDash","-83.31","USD","A005_03_export.csv",""
"T01374","A004","2025-03-01","2025-03-02","NETFLIX.COM","-17.27","USD","A004_03_export.csv",""
"T01375","A005","11/10/2025","2025-11-11","NIKE LAS VEGAS","-156.07","USD","A005_11_export.csv",""
"T01376","A003","5/22/2025","2025-05-23","LAS VEGAS ATHLETIC CLUB","-40.61","USD","A003_05_export.csv",""
"T01377","A002","2025-08-16","2025-08-17","Walgreens","-90.12","USD","A002_08_export.csv",""
"T01378","A005","11/28/2025","2025-11-29","AMAZON.COM*","-251.63","USD","A005_11_export.csv",""
"T01379","A001","2025-03-05","2025-03-06","Southwest Gas","-229.54","USD","A001_03_export.csv",""
"T01380","A002","5/29/2025","2025-05-30","AMC Theatres","-57.89","USD","A002_05_export.csv",""
"T01381","A005","2025-01-31","2025-02-01","SMITHS #348","-110.91","USD","A005_01_export.csv",""
"T01382","A003","2025-11-21 00:00:00","2025-11-22","Amazon","-28.64","USD","A003_11_export.csv",""
"T01383","A001","3/6/2025","2025-03-07","COX COMMUNICATIONS","-164.39","USD","A001_03_export.csv",""
"T01384","A003","12/11/2025","2025-12-12","SMITHS #348","-42.53","USD","A003_12_export.csv",""
"T01385","A002","2025-06-08 00:00:00","2025-06-09","Airbnb","-206.71","USD","A002_06_export.csv",""
"T01386","A004","2025-05-11","2025-05-12","SW GAS CORP","-237.78","USD","A004_05_export.csv","Shopping"
"T01387","A003","1/14/2025","2025-01-15","TRADER JOES 124","-127.09","USD","A003_01_export.csv",""
"T01388","A002","2025-07-12 00:00:00","2025-07-13","SW GAS CORP","-202.03","USD","A002_07_export.csv",""
"T01389","A005","2025-11-09","2025-11-11","Smith's","-107.58","USD","A005_11_export.csv",""
"T01390","A004","2025-07-23","2025-07-24","Cox Communications","-89.53","USD","A004_07_export.csv","Shopping"
"T01391","A002","2025-05-07 00:00:00","2025-05-08","SPOTIFY USA","-52.57","USD","A002_05_export.csv",""
"T01392","A005","2025-06-23 00:00:00","2025-06-24","MARRIOTT HOTEL","-914.74","USD","A005_06_export.csv",""
"T01393","A004","2025-12-05","2025-12-07","COX COMMUNICATIONS","-147.8","USD","A004_12_export.csv",""
"T01394","A004","2025-12-06 00:00:00","2025-12-07","LVAC","-106.7","USD","A004_12_export.csv",""
"T01395","A001","2025-01-26","2025-01-27","TARGET T-2450","-197.49","USD","A001_01_export.csv",""
"T01396","A004","6/3/2025","2025-06-04","Spotify","-23.42","USD","A004_06_export.csv","Shopping"
"T01397","A004","2025-11-25 00:00:00","2025-11-26","TRADER JOES 124","-158.6","USD","A004_11_export.csv",""
"T01398","A002","2025-06-02 00:00:00","2025-06-03","COSTCO WHSE #1320","-50.34","USD","A002_06_export.csv",""
"T01399","A004","7/12/2025","2025-07-13","NV Energy","-147.59","USD","A004_07_export.csv",""
"T01400","A002","2025-02-13","2025-02-14","CHIPOTLE 2841","-38.31","USD","A002_02_export.csv",""
"T01401","A002","9/26/2025","2025-09-27","Nike","-135.04","USD","A002_09_export.csv",""
"T01402","A005","6/19/2025","2025-06-20","CHEVRON 0209341","-36.31","USD","A005_06_export.csv",""
"T01403","A004","1/4/2025","2025-01-05","CVS","-25.53","USD","A004_01_export.csv",""
"T01404","A005","2025-12-30","2025-12-31","Shell","-33.35","USD","A005_12_export.csv",""
"T01405","A003","10/5/2025","2025-10-06","UBER *EATS","-98.67","USD","A003_10_export.csv",""
"T01406","A002","12/7/2025","2025-12-08","LAS VEGAS ATHLETIC CLUB","-14.37","USD","A002_12_export.csv",""
"T01407","A003","2025-07-15 00:00:00","2025-07-17","Shell","-76.82","USD","A003_07_export.csv",""
"T01408","A002","2025-07-17 00:00:00","2025-07-18","CHIPOTLE 2841","-60.62","USD","A002_07_export.csv",""
"T01409","A002","2025-06-03 00:00:00","2025-06-04","NV Energy","-221.16","USD","A002_06_export.csv",""
"T01410","A002","2025-03-12","2025-03-13","SOUTHWEST AIR","-863.58","USD","A002_03_export.csv",""
"T01411","A002","2025-08-08 00:00:00","2025-08-09","SOUTHWEST AIR","-731.5","USD","A002_08_export.csv","Bills"
"T01412","A001","2025-06-24 00:00:00","2025-06-25","Airbnb","-606.14","USD","A001_06_export.csv",""
"T01413","A003","2025-01-25 00:00:00","2025-01-26","Shell","-68.41","USD","A003_01_export.csv",""
"T01414","A002","2025-07-09","2025-07-10","COSTCO WHSE #1320","-129.49","USD","A002_07_export.csv",""
"T01415","A003","2025-03-09","2025-03-10","SHELL OIL 5742","-86.06","USD","A003_03_export.csv",""
"T01416","A003","2025-12-17 00:00:00","2025-12-18","DOORDASH*TEMP AUTH","-41.02","USD","A003_12_export.csv",""
"T01417","A005","2025-02-23","2025-02-24","SW GAS CORP","-86.95","USD","A005_02_export.csv",""
"T01418","A002","2025-09-18","2025-09-19","AIRBNB * HM","-393.01","USD","A002_09_export.csv",""
"T01419","A003","2025-11-24 00:00:00","2025-11-26","LVAC","-46.31","USD","A003_11_export.csv",""
"T01420","A004","2025-03-18 00:00:00","2025-03-20","Airbnb","-224.44","USD","A004_03_export.csv",""
"T01421","A003","2025-06-08","2025-06-09","Trader Joe's","-30.05","USD","A003_06_export.csv",""
"T01422","A003","2025-12-18","2025-12-19","Target","-89.18","USD","A003_12_export.csv",""
"T01423","A005","9/4/2025","2025-09-05","CVS/PHARMACY #8829","-42.89","USD","A005_09_export.csv",""
"T01424","A004","2025-03-06 00:00:00","2025-03-07","DoorDash","-62.74","USD","A004_03_export.csv",""
"T01425","A003","2025-06-25","2025-06-27","Trader Joe's","-71.59","USD","A003_06_export.csv",""
"T01426","A005","2025-03-23","2025-03-24","DoorDash","-35.44","USD","A005_03_export.csv",""
"T01427","A002","3/13/2025","2025-03-15","Walgreens","-46.61","USD","A002_03_export.csv","Food"
"T01428","A001","2/5/2025","2025-02-06","CVS","-97.83","USD","A001_02_export.csv",""
"T01429","A003","2025-01-24","2025-01-25","Southwest Airlines","-914.78","USD","A003_01_export.csv",""
"T01430","A001","2025-09-11","2025-09-12","SW GAS CORP","-97.55","USD","A001_09_export.csv",""
"T01431","A003","2025-11-10 00:00:00","2025-11-12","NIKE LAS VEGAS","-222.35","USD","A003_11_export.csv",""
"T01432","A001","5/15/2025","2025-05-16","SPOTIFY USA","-74.69","USD","A001_05_export.csv",""
"T01433","A001","2025-04-04 00:00:00","2025-04-05","SMITHS GROCERY 0348","-22.4","USD","A001_04_export.csv",""
"T01434","A003","2025-11-20 00:00:00","2025-11-21","CVS/PHARMACY #8829","-63.86","USD","A003_11_export.csv",""
"T01435","A005","2025-10-19","2025-10-20","SPOTIFY USA","-45.96","USD","A005_10_export.csv",""
"T01436","A003","12/5/2025","2025-12-06","Airbnb","-143.14","USD","A003_12_export.csv","Food"
"T01437","A004","2025-09-19 00:00:00","2025-09-20","SW GAS CORP","-177.68","USD","A004_09_export.csv",""
"T01438","A005","2025-09-23","2025-09-24","SHELL OIL 5742","-67.05","USD","A005_09_export.csv","Other"
"T01439","A005","2025-07-13 00:00:00","2025-07-14","TRADER JOES 124","-181.21","USD","A005_07_export.csv",""
"T01440","A004","7/27/2025","2025-07-29","Target","-212.41","USD","A004_07_export.csv",""
"T01441","A002","2025-01-28 00:00:00","2025-01-29","Uber","-44.98","USD","A002_01_export.csv","Bills"
"T01442","A004","12/17/2025","2025-12-19","SPOTIFY USA","-14.8","USD","A004_12_export.csv",""
"T01443","A002","10/5/2025","2025-10-06","Cox Communications","-154.03","USD","A002_10_export.csv","Other"
"T01444","A002","2025-04-15 00:00:00","2025-04-16","NETFLIX.COM","-26.81","USD","A002_04_export.csv",""
"T01445","A005","2025-02-08","2025-02-09","NV Energy","-108.15","USD","A005_02_export.csv",""
"T01446","A004","2025-07-02 00:00:00","2025-07-04","AMAZON.COM*","-86.66","USD","A004_07_export.csv",""
"T01447","A004","2025-03-14 00:00:00","2025-03-15","AIRBNB * HM","-450.05","USD","A004_03_export.csv",""
"T01448","A003","8/15/2025","2025-08-16","SPOTIFY USA","-19.71","USD","A003_08_export.csv",""
"T01449","A002","2025-02-09","2025-02-10","Chevron","-49.09","USD","A002_02_export.csv",""
"T01450","A005","9/6/2025","2025-09-07","AMC 0039 TOWN SQUARE","-19.75","USD","A005_09_export.csv",""
"T01451","A001","2025-05-11","2025-05-13","Shell","-32.96","USD","A001_05_export.csv",""
"T01452","A005","2025-04-16 00:00:00","2025-04-17","CVS","-108.07","USD","A005_04_export.csv",""
"T01453","A004","4/16/2025","2025-04-17","CVS/PHARMACY #8829","-28.03","USD","A004_04_export.csv","Other"
"T01454","A004","7/30/2025","2025-07-31","SMITHS #348","-94.98","USD","A004_07_export.csv",""
"T01455","A003","6/13/2025","2025-06-14","Costco","-98.61","USD","A003_06_export.csv",""
"T01456","A002","3/9/2025","2025-03-11","Amazon","-229.66","USD","A002_03_export.csv",""
"T01457","A004","2025-11-01","2025-11-02","NVENERGY PAYMENT","-168.84","USD","A004_11_export.csv",""
"T01458","A001","2025-06-25 00:00:00","2025-06-26","Marriott","-599.12","USD","A001_06_export.csv",""
"T01459","A004","2025-01-26 00:00:00","2025-01-27","Spotify","-42.6","USD","A004_01_export.csv",""
"T01460","A005","2025-03-25","2025-03-26","Chipotle","-38.4","USD","A005_03_export.csv",""
"T01461","A002","2025-01-23 00:00:00","2025-01-24","NETFLIX.COM","-62.87","USD","A002_01_export.csv",""
"T01462","A005","1/18/2025","2025-01-20","Costco","-165.93","USD","A005_01_export.csv",""
"T01463","A002","2025-04-27","2025-04-28","Amazon","-23.87","USD","A002_04_export.csv",""
"T01464","A004","8/10/2025","2025-08-11","SOUTHWEST AIR","-556.73","USD","A004_08_export.csv",""
"T01465","A005","2025-07-20 00:00:00","2025-07-21","UBER *EATS","-74.8","USD","A005_07_export.csv","Other"
"T01466","A002","10/4/2025","2025-10-05","NVENERGY PAYMENT","-126","USD","A002_10_export.csv",""
"T01467","A002","2025-06-21 00:00:00","2025-06-22","Cox Communications","-129.03","USD","A002_06_export.csv",""
"T01468","A005","2025-06-08 00:00:00","2025-06-09","Walgreens","-87.42","USD","A005_06_export.csv",""
"T01469","A001","2025-05-03","2025-05-04","Marriott","-363.86","USD","A001_05_export.csv",""
"T01470","A005","2025-03-05 00:00:00","2025-03-06","MARRIOTT HOTEL","-177.04","USD","A005_03_export.csv",""
"T01471","A003","7/16/2025","2025-07-17","Target","-158.4","USD","A003_07_export.csv",""
"T01472","A003","2025-06-16 00:00:00","2025-06-17","Target","-251.96","USD","A003_06_export.csv",""
"T01473","A003","2025-03-01","2025-03-02","Uber","-87.16","USD","A003_03_export.csv","Shopping"
"T01474","A002","2025-11-19","2025-11-20","DoorDash","-46.7","USD","A002_11_export.csv",""
"T01475","A001","12/12/2025","2025-12-13","Netflix","-23.76","USD","A001_12_export.csv",""
"T01476","A002","2025-06-26 00:00:00","2025-06-27","TARGET T-2450","-19.13","USD","A002_06_export.csv",""
"T01477","A005","2025-06-01 00:00:00","2025-06-03","Costco","-162.9","USD","A005_06_export.csv",""
"T01478","A005","2025-11-07","2025-11-08","CVS","-35.6","USD","A005_11_export.csv",""
"T01479","A002","2025-03-05","2025-03-06","Southwest Gas","-223.58","USD","A002_03_export.csv","Shopping"
"T01480","A003","2025-02-06 00:00:00","2025-02-07","CVS/PHARMACY #8829","-90.04","USD","A003_02_export.csv","Food"
"T01481","A004","2025-12-16 00:00:00","2025-12-18","WALGREENS #04712","-124.8","USD","A004_12_export.csv",""
"T01482","A003","2025-03-14 00:00:00","2025-03-15","Trader Joe's","-100.34","USD","A003_03_export.csv",""
"T01483","A002","2025-02-27","2025-03-01","MARRIOTT HOTEL","-729.01","USD","A002_02_export.csv",""
"T01484","A001","7/22/2025","2025-07-23","NV Energy","-190.27","USD","A001_07_export.csv",""
"T01485","A001","2025-11-10","2025-11-11","AIRBNB * HM","-881.4","USD","A001_11_export.csv",""
"T01486","A004","2025-05-06 00:00:00","2025-05-07","Amazon","-93.89","USD","A004_05_export.csv",""
"T01487","A003","2025-09-22 00:00:00","2025-09-24","AMZN Mktp US*","-229","USD","A003_09_export.csv",""
"T01488","A005","10/23/2025","2025-10-24","NVENERGY PAYMENT","-104.26","USD","A005_10_export.csv",""
"T01489","A004","2025-12-22 00:00:00","2025-12-23","NIKE LAS VEGAS","-142.94","USD","A004_12_export.csv",""
"T01490","A005","2025-03-12","2025-03-13","UBER *TRIP","-49.52","USD","A005_03_export.csv",""
"T01491","A001","2025-02-22 00:00:00","2025-02-23","NETFLIX.COM","-54.06","USD","A001_02_export.csv",""
"T01492","A002","4/17/2025","2025-04-18","TRADER JOES 124","-64.38","USD","A002_04_export.csv",""
"T01493","A001","10/4/2025","2025-10-05","LVAC","-90.18","USD","A001_10_export.csv",""
"T01494","A005","2025-07-27","2025-07-29","TARGET T-2450","-143.37","USD","A005_07_export.csv",""
"T01495","A004","2025-10-06 00:00:00","2025-10-07","NVENERGY PAYMENT","-57.26","USD","A004_10_export.csv",""
"T01496","A004","7/30/2025","2025-07-31","NIKE LAS VEGAS","-205.68","USD","A004_07_export.csv",""
"T01497","A002","7/7/2025","2025-07-08","CHIPOTLE 2841","-24.15","USD","A002_07_export.csv",""
"T01498","A003","12/27/2025","2025-12-28","Walgreens","-43.67","USD","A003_12_export.csv",""
"T01499","A001","6/20/2025","2025-06-21","MARRIOTT HOTEL","-142.93","USD","A001_06_export.csv",""
"T01500","A002","8/14/2025","2025-08-15","SPOTIFY USA","-72.98","USD","A002_08_export.csv",""
"T01501","A003","5/1/2025","2025-05-03","NIKE LAS VEGAS","-219.28","USD","A003_05_export.csv",""
"T01502","A003","4/18/2025","2025-04-19","Cox Communications","-147.43","USD","A003_04_export.csv",""
"T01503","A002","2025-12-18","2025-12-19","Chipotle","-60.78","USD","A002_12_export.csv",""
"T01504","A003","2025-01-13 00:00:00","2025-01-14","CVS","-86.26","USD","A003_01_export.csv",""
"T01505","A005","2025-01-20 00:00:00","2025-01-21","Netflix","-39.72","USD","A005_01_export.csv",""
"T01506","A004","7/3/2025","2025-07-05","Southwest Airlines","-894.33","USD","A004_07_export.csv",""
"T01507","A002","7/1/2025","2025-07-02","AMAZON.COM*","-162.08","USD","A002_07_export.csv",""
"T01508","A005","2025-04-15 00:00:00","2025-04-16","Trader Joe's","-155.41","USD","A005_04_export.csv","Bills"
"T01509","A004","3/18/2025","2025-03-20","Trader Joe's","-152.76","USD","A004_03_export.csv",""
"T01510","A005","7/20/2025","2025-07-21","SOUTHWEST AIR","-768.13","USD","A005_07_export.csv",""
"T01511","A001","2025-04-23","2025-04-24","AMC Theatres","-26.51","USD","A001_04_export.csv",""
"T01512","A003","6/19/2025","2025-06-20","DD *DOORDASH","-99.07","USD","A003_06_export.csv","Food"
"T01513","A005","11/17/2025","2025-11-18","WALGREENS #04712","-118.18","USD","A005_11_export.csv",""
"T01514","A005","10/12/2025","2025-10-13","UBER *TRIP","-91.84","USD","A005_10_export.csv",""
"T01515","A002","2025-07-08 00:00:00","2025-07-09","Chipotle","-27.38","USD","A002_07_export.csv",""
"T01516","A003","4/19/2025","2025-04-21","Chevron","-26.07","USD","A003_04_export.csv",""
"T01517","A002","2025-12-07","2025-12-08","Chevron","-17.3","USD","A002_12_export.csv","Other"
"T01518","A002","2025-05-09 00:00:00","2025-05-10","SPOTIFY USA","-60.37","USD","A002_05_export.csv","Other"
"T01519","A002","3/7/2025","2025-03-08","Netflix","-35.51","USD","A002_03_export.csv",""
"T01520","A005","2025-03-15","2025-03-17","Target","-147.1","USD","A005_03_export.csv",""
"T01521","A003","3/13/2025","2025-03-15","TARGET T-2450","-79.08","USD","A003_03_export.csv","Shopping"
"T01522","A005","2025-10-23 00:00:00","2025-10-24","Spotify","-56.04","USD","A005_10_export.csv","Shopping"
"T01523","A005","2025-05-27","2025-05-28","COX COMMUNICATIONS","-210.48","USD","A005_05_export.csv",""
"T01524","A003","2025-10-02","2025-10-03","SMITHS #348","-121.75","USD","A003_10_export.csv",""
"T01525","A001","8/3/2025","2025-08-04","SPOTIFY USA","-44.46","USD","A001_08_export.csv",""
"T01526","A003","2025-04-16 00:00:00","2025-04-18","UBER *TRIP","-70.81","USD","A003_04_export.csv",""
"T01527","A005","2025-12-21 00:00:00","2025-12-23","SOUTHWEST AIR","-197.73","USD","A005_12_export.csv","Shopping"
"T01528","A003","2025-02-15 00:00:00","2025-02-16","Target","-21.31","USD","A003_02_export.csv",""
"T01529","A002","2025-07-26","2025-07-27","Airbnb","-151.01","USD","A002_07_export.csv","Bills"
"T01530","A001","2025-04-20 00:00:00","2025-04-21","Spotify","-74.84","USD","A001_04_export.csv",""
"T01531","A002","2025-09-10","2025-09-11","COSTCO WHSE #1320","-52.09","USD","A002_09_export.csv",""
"T01532","A005","4/27/2025","2025-04-28","AMZN Mktp US*","-29","USD","A005_04_export.csv",""
"T01533","A001","10/3/2025","2025-10-04","UBER *TRIP","-13.37","USD","A001_10_export.csv",""
"T01534","A002","2025-02-16","2025-02-17","SW GAS CORP","-200.88","USD","A002_02_export.csv",""
"T01535","A001","12/28/2025","2025-12-29","Netflix","-24.56","USD","A001_12_export.csv",""
"T01536","A005","2025-05-28","2025-05-29","SHELL OIL 5742","-73.38","USD","A005_05_export.csv",""
"T01537","A003","2025-11-19 00:00:00","2025-11-20","Uber","-88.83","USD","A003_11_export.csv",""
"T01538","A001","2025-09-09","2025-09-11","Southwest Airlines","-426.76","USD","A001_09_export.csv",""
"T01539","A001","2025-01-16","2025-01-17","SMITHS #348","-90.72","USD","A001_01_export.csv",""
"T01540","A005","2025-05-12","2025-05-13","CHEVRON 0209341","-57.73","USD","A005_05_export.csv",""
"T01541","A002","2025-11-22 00:00:00","2025-11-23","LAS VEGAS ATHLETIC CLUB","-28.01","USD","A002_11_export.csv",""
"T01542","A004","2025-05-19 00:00:00","2025-05-20","Chevron","-77.19","USD","A004_05_export.csv",""
"T01543","A005","2025-10-20","2025-10-21","SPOTIFY USA","-49.51","USD","A005_10_export.csv",""
"T01544","A001","2025-07-01 00:00:00","2025-07-03","LAS VEGAS ATHLETIC CLUB","-29.04","USD","A001_07_export.csv",""
"T01545","A002","2025-11-20","2025-11-22","UBER *TRIP","-28.27","USD","A002_11_export.csv",""
"T01546","A002","2025-05-05 00:00:00","2025-05-07","SOUTHWEST AIR","-473.72","USD","A002_05_export.csv",""
"T01547","A003","2025-10-25 00:00:00","2025-10-26","CHIPOTLE 2841","-60.79","USD","A003_10_export.csv",""
"T01548","A004","1/1/2025","2025-01-02","AMC 0039 TOWN SQUARE","-49.15","USD","A004_01_export.csv",""
"T01549","A002","2025-06-19 00:00:00","2025-06-20","UBER *EATS","-87","USD","A002_06_export.csv",""
"T01550","A002","2025-06-27","2025-06-28","NVENERGY PAYMENT","-108.05","USD","A002_06_export.csv",""
"T01551","A002","2025-11-30","2025-12-01","CHEVRON 0209341","-21.93","USD","A002_11_export.csv",""
"T01552","A002","9/18/2025","2025-09-19","Southwest Gas","-61.7","USD","A002_09_export.csv",""
"T01553","A001","2025-04-21 00:00:00","2025-04-22","SMITHS GROCERY 0348","-128.29","USD","A001_04_export.csv",""
"T01554","A004","2025-07-12","2025-07-14","NVENERGY PAYMENT","-122.95","USD","A004_07_export.csv",""
"T01555","A002","2/8/2025","2025-02-09","MARRIOTT HOTEL","-879.62","USD","A002_02_export.csv",""
"T01556","A005","2025-05-18","2025-05-19","AMAZON.COM*","-140.62","USD","A005_05_export.csv",""
"T01557","A002","1/2/2025","2025-01-03","NIKE LAS VEGAS","-165.23","USD","A002_01_export.csv",""
"T01558","A005","2025-01-01","2025-01-02","TRADER JOES 124","-21.71","USD","A005_01_export.csv",""
"T01559","A002","1/7/2025","2025-01-08","SPOTIFY USA","-32.76","USD","A002_01_export.csv",""
"T01560","A001","2025-06-01 00:00:00","2025-06-02","AMC Theatres","-37.26","USD","A001_06_export.csv",""
"T01561","A004","2025-11-04","2025-11-05","NIKE LAS VEGAS","-222.6","USD","A004_11_export.csv",""
"T01562","A001","7/31/2025","2025-08-01","Chipotle","-109.45","USD","A001_07_export.csv",""
"T01563","A004","2025-03-05","2025-03-07","Marriott","-906.14","USD","A004_03_export.csv","Shopping"
"T01564","A005","2025-01-05","2025-01-06","UBER *EATS","-56.34","USD","A005_01_export.csv",""
"T01565","A003","11/10/2025","2025-11-11","Chipotle","-70.72","USD","A003_11_export.csv",""
"T01566","A003","2/12/2025","2025-02-13","Smith's","-131.79","USD","A003_02_export.csv",""
"T01567","A004","11/25/2025","2025-11-26","CHEVRON 0209341","-46.55","USD","A004_11_export.csv",""
"T01568","A002","2025-01-18 00:00:00","2025-01-19","Uber","-16.22","USD","A002_01_export.csv","Bills"
"T01569","A001","2025-10-22","2025-10-23","LAS VEGAS ATHLETIC CLUB","-61.84","USD","A001_10_export.csv","Bills"
"T01570","A001","12/6/2025","2025-12-07","Amazon","-92.38","USD","A001_12_export.csv",""
"T01571","A005","6/2/2025","2025-06-04","NETFLIX.COM","-48.13","USD","A005_06_export.csv",""
"T01572","A001","8/30/2025","2025-08-31","Cox Communications","-198.79","USD","A001_08_export.csv",""
"T01573","A004","2025-11-19","2025-11-20","SW GAS CORP","-206.86","USD","A004_11_export.csv",""
"T01574","A001","2025-06-01","2025-06-03","Southwest Airlines","-897.27","USD","A001_06_export.csv",""
"T01575","A005","2025-01-10 00:00:00","2025-01-11","COX COMMUNICATIONS","-70.91","USD","A005_01_export.csv",""
"T01576","A003","2025-03-16 00:00:00","2025-03-18","AMC Theatres","-26.46","USD","A003_03_export.csv",""
"T01577","A002","2025-09-23 00:00:00","2025-09-25","Cox Communications","-190.41","USD","A002_09_export.csv",""
"T01578","A003","2025-11-02","2025-11-04","NIKE LAS VEGAS","-144.79","USD","A003_11_export.csv",""
"T01579","A001","2025-01-21","2025-01-22","DOORDASH*TEMP AUTH","-18.21","USD","A001_01_export.csv",""
"T01580","A004","4/1/2025","2025-04-02","AMC Theatres","-16.9","USD","A004_04_export.csv",""
"T01581","A001","2025-02-17","2025-02-18","COSTCO WHSE #1320","-127.03","USD","A001_02_export.csv",""
"T01582","A001","2025-10-10 00:00:00","2025-10-12","Southwest Gas","-48.4","USD","A001_10_export.csv",""
"T01583","A003","6/6/2025","2025-06-07","SOUTHWEST AIR","-714.64","USD","A003_06_export.csv","Shopping"
"T01584","A003","2025-03-17 00:00:00","2025-03-18","DOORDASH*TEMP AUTH","-43.41","USD","A003_03_export.csv","Shopping"
"T01585","A002","2025-07-22 00:00:00","2025-07-23","Amazon","-113.97","USD","A002_07_export.csv","Other"
"T01586","A004","2025-06-15 00:00:00","2025-06-16","Spotify","-67.02","USD","A004_06_export.csv","Other"
"T01587","A005","10/7/2025","2025-10-08","CVS","-32.62","USD","A005_10_export.csv",""
"T01588","A002","9/12/2025","2025-09-13","TARGET T-2450","-203.73","USD","A002_09_export.csv",""
"T01589","A003","2025-08-07","2025-08-08","MARRIOTT HOTEL","-581.16","USD","A003_08_export.csv",""
"T01590","A001","2025-03-28 00:00:00","2025-03-29","SHELL OIL 5742","-75.65","USD","A001_03_export.csv",""
"T01591","A002","2025-06-09 00:00:00","2025-06-10","NVENERGY PAYMENT","-180.36","USD","A002_06_export.csv",""
"T01592","A005","3/30/2025","2025-04-01","Amazon","-155.4","USD","A005_03_export.csv",""
"T01593","A001","2025-09-26","2025-09-27","Target","-113.45","USD","A001_09_export.csv",""
"T01594","A005","9/3/2025","2025-09-04","Airbnb","-345.38","USD","A005_09_export.csv",""
"T01595","A005","6/26/2025","2025-06-27","NVENERGY PAYMENT","-80.93","USD","A005_06_export.csv",""
"T01596","A001","2025-04-09 00:00:00","2025-04-10","Trader Joe's","-49.92","USD","A001_04_export.csv","Bills"
"T01597","A005","2025-02-20","2025-02-22","Chipotle","-19.68","USD","A005_02_export.csv",""
"T01598","A004","3/25/2025","2025-03-26","COX COMMUNICATIONS","-158.75","USD","A004_03_export.csv",""
"T01599","A003","2025-09-04","2025-09-06","Smith's","-188.45","USD","A003_09_export.csv",""
"T01600","A002","2025-06-07 00:00:00","2025-06-08","UBER *TRIP","-37.33","USD","A002_06_export.csv",""
"T01601","A002","5/8/2025","2025-05-10","TRADER JOES 124","-148.55","USD","A002_05_export.csv",""
"T01602","A005","7/17/2025","2025-07-19","WALGREENS #04712","-72.25","USD","A005_07_export.csv",""
"T01603","A004","2025-02-27","2025-03-01","COX COMMUNICATIONS","-74.23","USD","A004_02_export.csv",""
"T01604","A005","2025-09-01","2025-09-02","AMAZON.COM*","-53.33","USD","A005_09_export.csv","Other"
"T01605","A004","2025-11-08 00:00:00","2025-11-09","CHIPOTLE 2841","-25.58","USD","A004_11_export.csv",""
"T01606","A005","2025-01-03","2025-01-04","Nike","-141.49","USD","A005_01_export.csv",""
"T01607","A001","11/26/2025","2025-11-28","CVS/PHARMACY #8829","-88.22","USD","A001_11_export.csv","Bills"
"T01608","A002","2025-09-05","2025-09-06","AMC 0039 TOWN SQUARE","-26.38","USD","A002_09_export.csv",""
"T01609","A005","2025-07-28","2025-07-29","Southwest Gas","-73.52","USD","A005_07_export.csv","Other"
"T01610","A005","12/30/2025","2025-12-31","SPOTIFY USA","-14.98","USD","A005_12_export.csv","Other"
"T01611","A005","2025-12-09 00:00:00","2025-12-10","UBER *TRIP","-63.26","USD","A005_12_export.csv","Other"
"T01612","A002","2025-04-20","2025-04-22","COSTCO WHSE #1320","-31.53","USD","A002_04_export.csv",""
"T01613","A004","2025-10-20","2025-10-21","CHEVRON 0209341","-18.97","USD","A004_10_export.csv","Other"
"T01614","A002","2025-09-06","2025-09-08","SMITHS GROCERY 0348","-63.42","USD","A002_09_export.csv","Shopping"
"T01615","A004","2025-02-18","2025-02-19","Costco","-102.54","USD","A004_02_export.csv",""
"T01616","A003","2025-07-21","2025-07-22","DoorDash","-22.73","USD","A003_07_export.csv",""
"T01617","A004","2025-06-21 00:00:00","2025-06-22","CHEVRON 0209341","-11.96","USD","A004_06_export.csv",""
"T01618","A001","1/23/2025","2025-01-24","SPOTIFY USA","-24.05","USD","A001_01_export.csv",""
"T01619","A005","2025-01-07 00:00:00","2025-01-08","Walgreens","-66.65","USD","A005_01_export.csv",""
"T01620","A005","4/14/2025","2025-04-15","NIKE LAS VEGAS","-101.04","USD","A005_04_export.csv",""
"T01621","A003","2025-11-04 00:00:00","2025-11-05","AMAZON.COM*","-220","USD","A003_11_export.csv",""
"T01622","A001","2025-07-23 00:00:00","2025-07-24","Smith's","-35.92","USD","A001_07_export.csv",""
"T01623","A002","2025-07-19 00:00:00","2025-07-20","NV Energy","-87.47","USD","A002_07_export.csv",""
"T01624","A001","2025-07-19","2025-07-20","Chipotle","-9.7","USD","A001_07_export.csv",""
"T01625","A003","2025-07-08 00:00:00","2025-07-09","NETFLIX.COM","-65.32","USD","A003_07_export.csv",""
"T01626","A004","2025-06-26 00:00:00","2025-06-27","Yard House","-47.09","USD","A004_06_export.csv",""
"T01627","A002","7/28/2025","2025-07-29","WALGREENS #04712","-121.01","USD","A002_07_export.csv",""
"T01628","A001","2025-12-01","2025-12-02","DOORDASH*TEMP AUTH","-53.76","USD","A001_12_export.csv",""
"T01629","A002","5/2/2025","2025-05-03","SMITHS GROCERY 0348","-138.72","USD","A002_05_export.csv",""
"T01630","A001","2025-08-12","2025-08-13","Yard House","-15.79","USD","A001_08_export.csv",""
"T01631","A004","2025-11-25 00:00:00","2025-11-26","UBER *TRIP","-43.87","USD","A004_11_export.csv",""
"T01632","A004","2025-07-21","2025-07-23","AIRBNB * HM","-572.16","USD","A004_07_export.csv",""
"T01633","A005","2025-06-28 00:00:00","2025-06-29","Airbnb","-539.71","USD","A005_06_export.csv","Shopping"
"T01634","A003","2025-03-01","2025-03-02","Walgreens","-63.26","USD","A003_03_export.csv",""
"T01635","A004","2025-12-30","2026-01-01","AMAZON.COM*","-203.31","USD","A004_12_export.csv",""
"T01636","A001","10/10/2025","2025-10-11","Southwest Gas","-131.83","USD","A001_10_export.csv",""
"T01637","A005","2025-01-19","2025-01-20","CVS/PHARMACY #8829","-123.66","USD","A005_01_export.csv",""
"T01638","A001","2025-09-23","2025-09-24","MARRIOTT HOTEL","-708.15","USD","A001_09_export.csv",""
"T01639","A002","12/1/2025","2025-12-03","Shell","-38.11","USD","A002_12_export.csv",""
"T01640","A002","2025-10-28 00:00:00","2025-10-29","NETFLIX.COM","-37.55","USD","A002_10_export.csv",""
"T01641","A001","7/9/2025","2025-07-10","YARD HOUSE 8387","-30.39","USD","A001_07_export.csv",""
"T01642","A001","2025-01-17 00:00:00","2025-01-18","NVENERGY PAYMENT","-134.62","USD","A001_01_export.csv",""
"T01643","A003","2025-04-14 00:00:00","2025-04-15","WALGREENS #04712","-16.93","USD","A003_04_export.csv","Other"
"T01644","A002","2025-07-02 00:00:00","2025-07-03","NIKE LAS VEGAS","-41.82","USD","A002_07_export.csv",""
"T01645","A005","2025-09-14","2025-09-15","UBER EATS HELP","-73.53","USD","A005_09_export.csv",""
"T01646","A004","5/19/2025","2025-05-20","Chipotle","-28.97","USD","A004_05_export.csv",""
"T01647","A005","8/29/2025","2025-08-30","SW GAS CORP","-181.69","USD","A005_08_export.csv","Bills"
"T01648","A003","2025-03-20 00:00:00","2025-03-21","DD *DOORDASH","-83.01","USD","A003_03_export.csv",""
"T01649","A004","2/20/2025","2025-02-21","Walgreens","-96.11","USD","A004_02_export.csv","Food"
"T01650","A004","2025-11-17","2025-11-19","Walgreens","-120.05","USD","A004_11_export.csv",""
"T01651","A005","2025-12-25","2025-12-26","UBER *EATS","-95.26","USD","A005_12_export.csv",""
"T01652","A001","9/29/2025","2025-09-30","Nike","-103.04","USD","A001_09_export.csv",""
"T01653","A001","4/26/2025","2025-04-27","Southwest Airlines","-219.3","USD","A001_04_export.csv",""
"T01654","A002","2025-08-13 00:00:00","2025-08-15","NETFLIX.COM","-68.94","USD","A002_08_export.csv",""
"T01655","A001","2025-07-18","2025-07-20","Spotify","-55.32","USD","A001_07_export.csv","Shopping"
"T01656","A004","2025-10-28 00:00:00","2025-10-29","Spotify","-45.12","USD","A004_10_export.csv",""
"T01657","A003","4/7/2025","2025-04-09","SW GAS CORP","-147.47","USD","A003_04_export.csv",""
"T01658","A003","2025-05-28 00:00:00","2025-05-29","COSTCO WHSE #1320","-23.93","USD","A003_05_export.csv","Other"
"T01659","A004","2025-09-25 00:00:00","2025-09-26","Yard House","-10.75","USD","A004_09_export.csv",""
"T01660","A004","2025-04-06 00:00:00","2025-04-07","TRADER JOES 124","-129.77","USD","A004_04_export.csv",""
"T01661","A002","2/1/2025","2025-02-03","Yard House","-29.63","USD","A002_02_export.csv",""
"T01662","A005","2025-10-27 00:00:00","2025-10-28","Uber","-62.85","USD","A005_10_export.csv",""
"T01663","A002","1/13/2025","2025-01-14","Southwest Gas","-127.57","USD","A002_01_export.csv",""
"T01664","A002","2025-11-05","2025-11-06","AIRBNB * HM","-758.1","USD","A002_11_export.csv","Bills"
"T01665","A001","2025-06-21","2025-06-22","DoorDash","-68.52","USD","A001_06_export.csv",""
"T01666","A003","2025-10-15","2025-10-17","CHEVRON 0209341","-62.39","USD","A003_10_export.csv","Other"
"T01667","A001","2025-02-11","2025-02-12","Cox Communications","-161.71","USD","A001_02_export.csv",""
"T01668","A003","10/22/2025","2025-10-24","AMZN Mktp US*","-122.22","USD","A003_10_export.csv",""
"T01669","A004","7/9/2025","2025-07-10","SMITHS #348","-47.66","USD","A004_07_export.csv",""
"T01670","A004","2025-10-14 00:00:00","2025-10-15","Southwest Gas","-188.06","USD","A004_10_export.csv","Food"
"T01671","A002","2/5/2025","2025-02-07","COSTCO WHSE #1320","-71.52","USD","A002_02_export.csv",""
"T01672","A003","12/13/2025","2025-12-14","COSTCO WHSE #1320","-88.02","USD","A003_12_export.csv",""
"T01673","A004","8/23/2025","2025-08-24","Nike","-36.83","USD","A004_08_export.csv",""
"T01674","A002","2025-08-05","2025-08-06","TARGET T-2450","-122.71","USD","A002_08_export.csv",""
"T01675","A001","1/30/2025","2025-01-31","Shell","-87.26","USD","A001_01_export.csv","Other"
"T01676","A003","2025-10-17","2025-10-18","Target","-120.03","USD","A003_10_export.csv","Other"
"T01677","A003","2025-12-28","2025-12-29","NIKE LAS VEGAS","-149.83","USD","A003_12_export.csv",""
"T01678","A001","4/7/2025","2025-04-08","Cox Communications","-181.83","USD","A001_04_export.csv",""
"T01679","A004","2025-05-09","2025-05-10","SW GAS CORP","-151.44","USD","A004_05_export.csv",""
"T01680","A001","2025-12-20","2025-12-21","TARGET T-2450","-227.69","USD","A001_12_export.csv",""
"T01681","A005","1/7/2025","2025-01-09","Amazon","-50.62","USD","A005_01_export.csv",""
"T01682","A002","4/26/2025","2025-04-27","NIKE LAS VEGAS","-251.59","USD","A002_04_export.csv",""
"T01683","A004","2025-08-01 00:00:00","2025-08-02","AMZN Mktp US*","-234.72","USD","A004_08_export.csv","Other"
"T01684","A003","2025-11-03 00:00:00","2025-11-04","Southwest Gas","-62.29","USD","A003_11_export.csv",""
"T01685","A004","2025-07-18 00:00:00","2025-07-19","CVS","-51.01","USD","A004_07_export.csv",""
"T01686","A002","6/25/2025","2025-06-26","Target","-132.24","USD","A002_06_export.csv","Bills"
"T01687","A003","2025-03-27 00:00:00","2025-03-29","NIKE LAS VEGAS","-114.76","USD","A003_03_export.csv",""
"T01688","A005","2025-04-15 00:00:00","2025-04-16","AMZN Mktp US*","-188.56","USD","A005_04_export.csv",""
"T01689","A001","2025-05-20 00:00:00","2025-05-21","SHELL OIL 5742","-90.79","USD","A001_05_export.csv",""
"T01690","A003","2025-04-21 00:00:00","2025-04-23","Amazon","-129.51","USD","A003_04_export.csv",""
"T01691","A005","2025-09-04 00:00:00","2025-09-06","COX COMMUNICATIONS","-213.29","USD","A005_09_export.csv","Shopping"
"T01692","A002","2025-09-04","2025-09-05","CHEVRON 0209341","-36.9","USD","A002_09_export.csv","Shopping"
"T01693","A003","3/25/2025","2025-03-26","Southwest Airlines","-498.05","USD","A003_03_export.csv",""
"T01694","A004","2025-03-30","2025-03-31","LVAC","-106.52","USD","A004_03_export.csv",""
"T01695","A004","1/29/2025","2025-01-31","Southwest Gas","-236.29","USD","A004_01_export.csv",""
"T01696","A005","3/10/2025","2025-03-11","Marriott","-770.19","USD","A005_03_export.csv",""
"T01697","A005","12/27/2025","2025-12-29","Trader Joe's","-71.31","USD","A005_12_export.csv",""
"T01698","A003","2025-06-23 00:00:00","2025-06-24","Walgreens","-95.13","USD","A003_06_export.csv",""
"T01699","A001","2025-08-24","2025-08-25","Cox Communications","-87.27","USD","A001_08_export.csv",""
"T01700","A004","2025-11-28","2025-11-29","Yard House","-15.11","USD","A004_11_export.csv",""
"T01701","A004","8/26/2025","2025-08-27","NV Energy","-94.2","USD","A004_08_export.csv",""
"T01702","A002","2025-05-28","2025-05-30","Uber","-40.98","USD","A002_05_export.csv",""
"T01703","A002","2025-04-03","2025-04-04","Marriott","-346.99","USD","A002_04_export.csv",""
"T01704","A003","10/2/2025","2025-10-03","SW GAS CORP","-155.32","USD","A003_10_export.csv","Food"
"T01705","A002","2025-10-10","2025-10-11","NIKE LAS VEGAS","-218.35","USD","A002_10_export.csv",""
"T01706","A001","2025-04-29","2025-04-30","Walgreens","-101.76","USD","A001_04_export.csv",""
"T01707","A001","2025-12-18","2025-12-20","Airbnb","-591.09","USD","A001_12_export.csv",""
"T01708","A003","2025-06-25","2025-06-27","Target","-68.19","USD","A003_06_export.csv",""
"T01709","A004","3/10/2025","2025-03-11","SPOTIFY USA","-32.58","USD","A004_03_export.csv",""
"T01710","A004","2025-10-29","2025-10-30","Cox Communications","-198.42","USD","A004_10_export.csv",""
"T01711","A005","1/5/2025","2025-01-06","Southwest Gas","-91.65","USD","A005_01_export.csv",""
"T01712","A003","2025-09-28 00:00:00","2025-09-29","Trader Joe's","-57.1","USD","A003_09_export.csv","Bills"
"T01713","A004","2025-10-25","2025-10-26","AMC 0039 TOWN SQUARE","-64.86","USD","A004_10_export.csv",""
"T01714","A002","3/6/2025","2025-03-07","Nike","-40.03","USD","A002_03_export.csv","Other"
"T01715","A005","2025-08-10","2025-08-11","COSTCO WHSE #1320","-171.23","USD","A005_08_export.csv",""
"T01716","A001","6/26/2025","2025-06-28","Smith's","-173.03","USD","A001_06_export.csv",""
"T01717","A002","2025-03-27","2025-03-29","SMITHS GROCERY 0348","-175.45","USD","A002_03_export.csv",""
"T01718","A001","2025-10-06 00:00:00","2025-10-08","Shell","-93.15","USD","A001_10_export.csv",""
"T01719","A001","2025-12-27","2025-12-28","Walgreens","-31.85","USD","A001_12_export.csv",""
"T01720","A003","2025-01-09 00:00:00","2025-01-10","Cox Communications","-95.69","USD","A003_01_export.csv","Food"
"T01721","A003","12/2/2025","2025-12-03","MARRIOTT HOTEL","-213.28","USD","A003_12_export.csv",""
"T01722","A001","3/18/2025","2025-03-20","Netflix","-21.1","USD","A001_03_export.csv",""
"T01723","A002","2025-12-21 00:00:00","2025-12-22","NIKE LAS VEGAS","-162.46","USD","A002_12_export.csv",""
"T01724","A001","3/11/2025","2025-03-13","Chipotle","-76.77","USD","A001_03_export.csv",""
"T01725","A002","2025-02-17","2025-02-18","COSTCO WHSE #1320","-56.43","USD","A002_02_export.csv",""
"T01726","A004","2025-06-03 00:00:00","2025-06-04","Shell","-31.05","USD","A004_06_export.csv","Food"
"T01727","A001","2025-12-08 00:00:00","2025-12-09","Chevron","-47.04","USD","A001_12_export.csv",""
"T01728","A002","2025-07-19 00:00:00","2025-07-20","AIRBNB * HM","-486.9","USD","A002_07_export.csv",""
"T01729","A003","2025-09-21","2025-09-22","Cox Communications","-72.48","USD","A003_09_export.csv",""
"T01730","A004","2025-12-26 00:00:00","2025-12-27","Trader Joe's","-119.92","USD","A004_12_export.csv",""
"T01731","A002","2025-03-26","2025-03-27","WALGREENS #04712","-28.83","USD","A002_03_export.csv",""
"T01732","A001","2025-07-03 00:00:00","2025-07-05","AIRBNB * HM","-752.9","USD","A001_07_export.csv",""
"T01733","A004","2025-11-21 00:00:00","2025-11-23","LAS VEGAS ATHLETIC CLUB","-79.65","USD","A004_11_export.csv","Shopping"
"T01734","A005","2025-06-12 00:00:00","2025-06-13","SMITHS GROCERY 0348","-33.98","USD","A005_06_export.csv",""
"T01735","A004","2025-04-14","2025-04-15","TRADER JOES 124","-120.01","USD","A004_04_export.csv",""
"T01736","A001","2025-08-29 00:00:00","2025-08-30","AMC Theatres","-45.2","USD","A001_08_export.csv",""
"T01737","A005","2025-08-25","2025-08-26","NIKE LAS VEGAS","-94.27","USD","A005_08_export.csv",""
"T01738","A004","3/24/2025","2025-03-25","NVENERGY PAYMENT","-69.45","USD","A004_03_export.csv",""
"T01739","A001","10/28/2025","2025-10-29","Cox Communications","-243.29","USD","A001_10_export.csv",""
"T01740","A003","3/6/2025","2025-03-07","WALGREENS #04712","-54.29","USD","A003_03_export.csv",""
"T01741","A003","2025-11-26","2025-11-27","NVENERGY PAYMENT","-98.96","USD","A003_11_export.csv",""
"T01742","A001","11/10/2025","2025-11-11","SHELL OIL 5742","-58.45","USD","A001_11_export.csv",""
"T01743","A002","11/22/2025","2025-11-23","LVAC","-115.03","USD","A002_11_export.csv",""
"T01744","A003","4/1/2025","2025-04-02","TARGET T-2450","-237.72","USD","A003_04_export.csv",""
"T01745","A002","2025-12-02 00:00:00","2025-12-03","Nike","-119.14","USD","A002_12_export.csv",""
"T01746","A003","2025-03-16 00:00:00","2025-03-17","Target","-107.52","USD","A003_03_export.csv",""
"T01747","A001","7/8/2025","2025-07-09","AMAZON.COM*","-49.31","USD","A001_07_export.csv",""
"T01748","A002","5/21/2025","2025-05-23","Chipotle","-19.86","USD","A002_05_export.csv",""
"T01749","A005","2/9/2025","2025-02-11","Trader Joe's","-152.71","USD","A005_02_export.csv",""
"T01750","A003","6/22/2025","2025-06-23","Amazon","-143.39","USD","A003_06_export.csv",""
"T01751","A002","2025-06-05","2025-06-06","Costco","-149.98","USD","A002_06_export.csv",""
"T01752","A002","2025-08-06","2025-08-07","AMC 0039 TOWN SQUARE","-56.96","USD","A002_08_export.csv",""
"T01753","A004","2025-02-17 00:00:00","2025-02-18","Southwest Airlines","-504.32","USD","A004_02_export.csv",""
"T01754","A003","2025-10-30","2025-10-31","Spotify","-62.83","USD","A003_10_export.csv",""
"T01755","A002","8/13/2025","2025-08-14","CVS/PHARMACY #8829","-33.93","USD","A002_08_export.csv",""
"T01756","A004","2025-04-29 00:00:00","2025-04-30","Costco","-33.81","USD","A004_04_export.csv",""
"T01757","A004","8/29/2025","2025-08-30","UBER EATS HELP","-34.75","USD","A004_08_export.csv",""
"T01758","A001","2025-10-07","2025-10-08","AMC Theatres","-44.43","USD","A001_10_export.csv",""
"T01759","A003","2025-08-25 00:00:00","2025-08-27","Southwest Gas","-219.57","USD","A003_08_export.csv",""
"T01760","A005","4/24/2025","2025-04-26","COX COMMUNICATIONS","-219.55","USD","A005_04_export.csv","Other"
"T01761","A003","9/3/2025","2025-09-05","Marriott","-169.29","USD","A003_09_export.csv",""
"T01762","A005","9/13/2025","2025-09-15","SHELL OIL 5742","-47.62","USD","A005_09_export.csv",""
"T01763","A005","10/16/2025","2025-10-17","CVS","-29.4","USD","A005_10_export.csv",""
"T01764","A001","2025-07-12 00:00:00","2025-07-13","AIRBNB * HM","-654.95","USD","A001_07_export.csv",""
"T01765","A002","4/13/2025","2025-04-14","SW GAS CORP","-63.44","USD","A002_04_export.csv","Bills"
"T01766","A001","2025-06-17 00:00:00","2025-06-18","UBER *TRIP","-17.46","USD","A001_06_export.csv","Food"
"T01767","A003","6/15/2025","2025-06-16","Yard House","-108.55","USD","A003_06_export.csv",""
"T01768","A001","2025-10-16","2025-10-17","SOUTHWEST AIR","-279.23","USD","A001_10_export.csv","Food"
"T01769","A005","2/21/2025","2025-02-23","TRADER JOES 124","-44.25","USD","A005_02_export.csv",""
"T01770","A002","2025-03-14","2025-03-15","Trader Joe's","-133.16","USD","A002_03_export.csv",""
"T01771","A005","7/27/2025","2025-07-28","Nike","-192.69","USD","A005_07_export.csv",""
"T01772","A002","2025-09-18","2025-09-19","Shell","-12.13","USD","A002_09_export.csv",""
"T01773","A001","2025-01-18","2025-01-20","UBER *TRIP","-21.89","USD","A001_01_export.csv",""
"T01774","A003","2025-02-23 00:00:00","2025-02-24","NIKE LAS VEGAS","-217.48","USD","A003_02_export.csv",""
"T01775","A001","2025-10-11","2025-10-12","UBER *TRIP","-43.95","USD","A001_10_export.csv",""
"T01776","A003","2025-09-22 00:00:00","2025-09-23","DoorDash","-52.07","USD","A003_09_export.csv",""
"T01777","A001","2025-12-03","2025-12-04","AIRBNB * HM","-925.62","USD","A001_12_export.csv",""
"T01778","A003","2/22/2025","2025-02-24","NV Energy","-79.82","USD","A003_02_export.csv","Shopping"
"T01779","A002","7/27/2025","2025-07-28","Uber Eats","-111.59","USD","A002_07_export.csv",""
"T01780","A003","5/5/2025","2025-05-06","Southwest Airlines","-936.15","USD","A003_05_export.csv",""
"T01781","A004","5/24/2025","2025-05-25","LAS VEGAS ATHLETIC CLUB","-84.58","USD","A004_05_export.csv",""
"T01782","A002","2025-08-03","2025-08-05","Chevron","-14.26","USD","A002_08_export.csv",""
"T01783","A005","2025-03-09 00:00:00","2025-03-10","NVENERGY PAYMENT","-85.12","USD","A005_03_export.csv",""
"T01784","A003","8/2/2025","2025-08-03","WALGREENS #04712","-103","USD","A003_08_export.csv",""
"T01785","A005","1/23/2025","2025-01-24","Marriott","-176.73","USD","A005_01_export.csv",""
"T01786","A004","2025-03-10","2025-03-11","TRADER JOES 124","-101.72","USD","A004_03_export.csv",""
"T01787","A003","2025-04-28","2025-04-29","SOUTHWEST AIR","-723.56","USD","A003_04_export.csv",""
"T01788","A004","4/20/2025","2025-04-22","Southwest Gas","-171.42","USD","A004_04_export.csv",""
"T01789","A002","2025-04-30","2025-05-01","AIRBNB * HM","-240.68","USD","A002_04_export.csv",""
"T01790","A003","2025-11-16 00:00:00","2025-11-17","NIKE LAS VEGAS","-125.65","USD","A003_11_export.csv",""
"T01791","A005","2025-07-26","2025-07-27","NIKE LAS VEGAS","-248.54","USD","A005_07_export.csv",""
"T01792","A002","2025-10-04 00:00:00","2025-10-05","Smith's","-113.85","USD","A002_10_export.csv",""
"T01793","A002","2025-08-04 00:00:00","2025-08-05","Shell","-73.23","USD","A002_08_export.csv",""
"T01794","A005","2025-08-19 00:00:00","2025-08-20","Chipotle","-23.44","USD","A005_08_export.csv",""
"T01795","A004","2/9/2025","2025-02-11","YARD HOUSE 8387","-28.5","USD","A004_02_export.csv",""
"T01796","A004","6/14/2025","2025-06-15","Amazon","-34.8","USD","A004_06_export.csv","Other"
"T01797","A003","5/5/2025","2025-05-06","Costco","-69.58","USD","A003_05_export.csv",""
"T01798","A001","2025-10-04 00:00:00","2025-10-05","Uber","-89.21","USD","A001_10_export.csv",""
"T01799","A001","2025-08-02","2025-08-04","TARGET T-2450","-183.78","USD","A001_08_export.csv",""
"T01800","A002","11/27/2025","2025-11-29","NVENERGY PAYMENT","-189.43","USD","A002_11_export.csv",""
"T01801","A004","2025-03-03","2025-03-04","TRADER JOES 124","-20.63","USD","A004_03_export.csv",""
"T01802","A001","5/17/2025","2025-05-18","NVENERGY PAYMENT","-105.62","USD","A001_05_export.csv",""
"T01803","A003","2025-10-21 00:00:00","2025-10-22","CHEVRON 0209341","-89.55","USD","A003_10_export.csv",""
"T01804","A001","1/8/2025","2025-01-09","CHEVRON 0209341","-58.81","USD","A001_01_export.csv","Food"
"T01805","A005","2025-02-15 00:00:00","2025-02-17","NETFLIX.COM","-44.91","USD","A005_02_export.csv",""
"T01806","A003","9/14/2025","2025-09-16","Airbnb","-669.45","USD","A003_09_export.csv",""
"T01807","A001","10/9/2025","2025-10-10","Netflix","-54.17","USD","A001_10_export.csv",""
"T01808","A004","5/18/2025","2025-05-20","NIKE LAS VEGAS","-233.09","USD","A004_05_export.csv",""
"T01809","A005","8/9/2025","2025-08-11","Target","-235.62","USD","A005_08_export.csv","Bills"
"T01810","A003","2025-12-09 00:00:00","2025-12-10","Amazon","-36.38","USD","A003_12_export.csv",""
"T01811","A004","9/7/2025","2025-09-08","Netflix","-22.34","USD","A004_09_export.csv",""
"T01812","A003","12/3/2025","2025-12-05","SHELL OIL 5742","-94.49","USD","A003_12_export.csv",""
"T01813","A002","2025-08-19 00:00:00","2025-08-20","COSTCO WHSE #1320","-138.44","USD","A002_08_export.csv",""
"T01814","A002","12/26/2025","2025-12-27","Marriott","-144.98","USD","A002_12_export.csv",""
"T01815","A005","2025-01-15 00:00:00","2025-01-16","Southwest Gas","-118.46","USD","A005_01_export.csv",""
"T01816","A003","2025-03-14 00:00:00","2025-03-15","Walgreens","-83.73","USD","A003_03_export.csv",""
"T01817","A004","4/1/2025","2025-04-02","NIKE LAS VEGAS","-88.26","USD","A004_04_export.csv","Shopping"
"T01818","A001","2025-12-16","2025-12-17","UBER *TRIP","-72.09","USD","A001_12_export.csv","Shopping"
"T01819","A002","2025-06-12 00:00:00","2025-06-13","SW GAS CORP","-94.9","USD","A002_06_export.csv","Bills"
"T01820","A003","3/23/2025","2025-03-24","CHEVRON 0209341","-58.62","USD","A003_03_export.csv",""
"T01821","A005","2025-08-26","2025-08-27","MARRIOTT HOTEL","-415.6","USD","A005_08_export.csv",""
"T01822","A002","2025-03-15 00:00:00","2025-03-16","NV Energy","-190.61","USD","A002_03_export.csv",""
"T01823","A002","2025-11-26","2025-11-27","WALGREENS #04712","-30","USD","A002_11_export.csv",""
"T01824","A002","2025-03-19 00:00:00","2025-03-21","Spotify","-50.02","USD","A002_03_export.csv",""
"T01825","A003","6/1/2025","2025-06-02","SMITHS #348","-154.45","USD","A003_06_export.csv","Shopping"
"T01826","A001","2025-08-30","2025-08-31","COX COMMUNICATIONS","-47.07","USD","A001_08_export.csv",""
"T01827","A003","2025-04-30 00:00:00","2025-05-02","SMITHS GROCERY 0348","-142.29","USD","A003_04_export.csv",""
"T01828","A004","2025-05-24","2025-05-25","AMC Theatres","-31.48","USD","A004_05_export.csv",""
"T01829","A004","2025-03-30","2025-04-01","Cox Communications","-214.87","USD","A004_03_export.csv",""
"T01830","A003","1/13/2025","2025-01-15","UBER *TRIP","-18.62","USD","A003_01_export.csv",""
"T01831","A003","2025-12-17","2025-12-18","Chevron","-65.62","USD","A003_12_export.csv","Food"
"T01832","A003","2025-04-01 00:00:00","2025-04-02","UBER *TRIP","-52.03","USD","A003_04_export.csv",""
"T01833","A003","2025-12-10 00:00:00","2025-12-11","Chipotle","-58.15","USD","A003_12_export.csv",""
"T01834","A001","9/20/2025","2025-09-21","Chipotle","-33.64","USD","A001_09_export.csv",""
"T01835","A003","5/29/2025","2025-05-30","Southwest Gas","-190.76","USD","A003_05_export.csv",""
"T01836","A002","2025-05-30 00:00:00","2025-06-01","DD *DOORDASH","-32.7","USD","A002_05_export.csv",""
"T01837","A004","2025-12-21","2025-12-22","Smith's","-132.22","USD","A004_12_export.csv",""
"T01838","A003","2025-08-29 00:00:00","2025-08-30","DOORDASH*TEMP AUTH","-27.28","USD","A003_08_export.csv",""
"T01839","A005","1/18/2025","2025-01-19","COSTCO WHSE #1320","-154.56","USD","A005_01_export.csv","Bills"
"T01840","A004","2025-06-10","2025-06-11","SOUTHWEST AIR","-252.58","USD","A004_06_export.csv",""
"T01841","A002","7/11/2025","2025-07-12","Cox Communications","-130.31","USD","A002_07_export.csv",""
"T01842","A002","2025-08-11 00:00:00","2025-08-12","Uber Eats","-81.6","USD","A002_08_export.csv",""
"T01843","A002","2025-06-07","2025-06-09","CHIPOTLE 2841","-58.61","USD","A002_06_export.csv",""
"T01844","A002","2025-08-02 00:00:00","2025-08-03","SMITHS #348","-99.73","USD","A002_08_export.csv",""
"T01845","A002","8/14/2025","2025-08-15","CVS/PHARMACY #8829","-107.25","USD","A002_08_export.csv",""
"T01846","A002","2025-04-26 00:00:00","2025-04-27","Uber Eats","-46.5","USD","A002_04_export.csv","Other"
"T01847","A001","2025-06-15","2025-06-16","Cox Communications","-196.4","USD","A001_06_export.csv",""
"T01848","A001","2025-09-29","2025-09-30","DOORDASH*TEMP AUTH","-30.31","USD","A001_09_export.csv",""
"T01849","A002","2025-11-11","2025-11-13","SOUTHWEST AIR","-695.08","USD","A002_11_export.csv","Bills"
"T01850","A001","2025-07-07 00:00:00","2025-07-09","COX COMMUNICATIONS","-148.1","USD","A001_07_export.csv","Other"
"T01851","A003","2025-03-17","2025-03-19","TARGET T-2450","-165.31","USD","A003_03_export.csv",""
"T01852","A005","7/28/2025","2025-07-29","TRADER JOES 124","-53.53","USD","A005_07_export.csv",""
"T01853","A004","2025-08-21 00:00:00","2025-08-22","SHELL OIL 5742","-36.26","USD","A004_08_export.csv",""
"T01854","A005","2025-03-27 00:00:00","2025-03-28","Spotify","-39.61","USD","A005_03_export.csv",""
"T01855","A004","4/28/2025","2025-04-29","SOUTHWEST AIR","-477.54","USD","A004_04_export.csv",""
"T01856","A003","7/7/2025","2025-07-08","Southwest Airlines","-643.71","USD","A003_07_export.csv",""
"T01857","A005","2025-03-28","2025-03-29","LVAC","-41.66","USD","A005_03_export.csv",""
"T01858","A004","12/4/2025","2025-12-05","Shell","-17.08","USD","A004_12_export.csv",""
"T01859","A003","2025-07-04 00:00:00","2025-07-05","YARD HOUSE 8387","-17.78","USD","A003_07_export.csv",""
"T01860","A005","2025-01-18","2025-01-19","SHELL OIL 5742","-25.58","USD","A005_01_export.csv",""
"T01861","A001","7/28/2025","2025-07-29","CVS","-19.92","USD","A001_07_export.csv",""
"T01862","A004","1/29/2025","2025-01-31","Walgreens","-118.74","USD","A004_01_export.csv",""
"T01863","A002","2025-06-18","2025-06-19","Netflix","-64.27","USD","A002_06_export.csv",""
"T01864","A004","1/5/2025","2025-01-06","Chevron","-28.2","USD","A004_01_export.csv",""
"T01865","A004","2025-03-15","2025-03-16","DoorDash","-107.17","USD","A004_03_export.csv",""
"T01866","A004","1/22/2025","2025-01-23","Southwest Gas","-163.41","USD","A004_01_export.csv",""
"T01867","A002","6/19/2025","2025-06-20","LVAC","-96.14","USD","A002_06_export.csv",""
"T01868","A003","6/11/2025","2025-06-12","MARRIOTT HOTEL","-189.1","USD","A003_06_export.csv",""
"T01869","A005","9/17/2025","2025-09-18","NV Energy","-139","USD","A005_09_export.csv",""
"T01870","A005","2025-12-19 00:00:00","2025-12-20","Marriott","-624.86","USD","A005_12_export.csv",""
"T01871","A004","2025-05-13","2025-05-14","CHIPOTLE 2841","-27.7","USD","A004_05_export.csv",""
"T01872","A001","2025-01-11 00:00:00","2025-01-12","YARD HOUSE 8387","-48.26","USD","A001_01_export.csv",""
"T01873","A003","2025-10-26 00:00:00","2025-10-27","Uber Eats","-77.82","USD","A003_10_export.csv",""
"T01874","A005","4/5/2025","2025-04-06","CHEVRON 0209341","-51.85","USD","A005_04_export.csv",""
"T01875","A004","2025-08-14","2025-08-15","Costco","-131.94","USD","A004_08_export.csv",""
"T01876","A004","2025-08-27 00:00:00","2025-08-29","SW GAS CORP","-100.81","USD","A004_08_export.csv",""
"T01877","A001","2025-09-18","2025-09-19","MARRIOTT HOTEL","-662.75","USD","A001_09_export.csv",""
"T01878","A005","7/14/2025","2025-07-15","Netflix","-72.67","USD","A005_07_export.csv","Shopping"
"T01879","A004","2025-03-28 00:00:00","2025-03-29","TARGET T-2450","-247.81","USD","A004_03_export.csv",""
"T01880","A002","2025-02-15","2025-02-17","COSTCO WHSE #1320","-28.11","USD","A002_02_export.csv",""
"T01881","A003","2025-05-14 00:00:00","2025-05-15","Uber","-15.16","USD","A003_05_export.csv",""
"T01882","A003","2025-08-10","2025-08-12","CHEVRON 0209341","-15.07","USD","A003_08_export.csv",""
"T01883","A001","2025-04-17 00:00:00","2025-04-18","AMC 0039 TOWN SQUARE","-60.82","USD","A001_04_export.csv",""
"T01884","A005","5/30/2025","2025-05-31","Spotify","-69.74","USD","A005_05_export.csv",""
"T01885","A005","2025-01-16","2025-01-18","SHELL OIL 5742","-89.68","USD","A005_01_export.csv",""
"T01886","A002","2025-09-05","2025-09-06","Southwest Airlines","-602.67","USD","A002_09_export.csv","Bills"
"T01887","A001","2025-04-14","2025-04-15","NVENERGY PAYMENT","-110.11","USD","A001_04_export.csv",""
"T01888","A004","2025-09-25 00:00:00","2025-09-26","LVAC","-76.53","USD","A004_09_export.csv",""
"T01889","A002","2025-03-21","2025-03-22","CHIPOTLE 2841","-59.63","USD","A002_03_export.csv",""
"T01890","A005","2025-06-06 00:00:00","2025-06-07","NVENERGY PAYMENT","-150.82","USD","A005_06_export.csv",""
"T01891","A004","2025-03-09","2025-03-10","Marriott","-932.6","USD","A004_03_export.csv","Food"
"T01892","A002","1/22/2025","2025-01-24","AMAZON.COM*","-67.2","USD","A002_01_export.csv",""
"T01893","A003","2025-09-12 00:00:00","2025-09-13","AMC 0039 TOWN SQUARE","-42.82","USD","A003_09_export.csv",""
"T01894","A003","11/6/2025","2025-11-08","Marriott","-289.76","USD","A003_11_export.csv","Bills"
"T01895","A004","9/10/2025","2025-09-11","Shell","-63.04","USD","A004_09_export.csv",""
"T01896","A004","2025-08-31 00:00:00","2025-09-01","Yard House","-75.17","USD","A004_08_export.csv",""
"T01897","A001","2/3/2025","2025-02-05","Costco","-69.97","USD","A001_02_export.csv",""
"T01898","A003","2025-06-03","2025-06-05","Uber","-89.4","USD","A003_06_export.csv","Other"
"T01899","A005","2025-09-01","2025-09-03","UBER *EATS","-16.11","USD","A005_09_export.csv",""
"T01900","A004","3/25/2025","2025-03-27","Costco","-97.84","USD","A004_03_export.csv",""
"T01901","A003","2025-09-15","2025-09-16","TRADER JOES 124","-148.43","USD","A003_09_export.csv",""
"T01902","A001","2025-10-10 00:00:00","2025-10-11","Nike","-118.39","USD","A001_10_export.csv",""
"T01903","A004","2025-04-29 00:00:00","2025-04-30","Chevron","-41.07","USD","A004_04_export.csv",""
"T01904","A005","2025-03-03 00:00:00","2025-03-04","WALGREENS #04712","-54.36","USD","A005_03_export.csv",""
"T01905","A005","2025-12-24","2025-12-25","NV Energy","-59.43","USD","A005_12_export.csv",""
"T01906","A005","9/25/2025","2025-09-26","Costco","-151.59","USD","A005_09_export.csv",""
"T01907","A001","2025-04-05","2025-04-07","CHEVRON 0209341","-92.89","USD","A001_04_export.csv",""
"T01908","A001","2025-08-16 00:00:00","2025-08-18","Airbnb","-162.49","USD","A001_08_export.csv",""
"T01909","A003","10/13/2025","2025-10-15","NV Energy","-174.21","USD","A003_10_export.csv",""
"T01910","A002","12/25/2025","2025-12-26","SHELL OIL 5742","-21.86","USD","A002_12_export.csv",""
"T01911","A002","4/24/2025","2025-04-25","AMAZON.COM*","-87.01","USD","A002_04_export.csv","Food"
"T01912","A001","10/13/2025","2025-10-14","Walgreens","-103","USD","A001_10_export.csv",""
"T01913","A003","10/11/2025","2025-10-12","CHIPOTLE 2841","-51.87","USD","A003_10_export.csv",""
"T01914","A002","7/10/2025","2025-07-11","DOORDASH*TEMP AUTH","-106.24","USD","A002_07_export.csv",""
"T01915","A001","2025-10-19 00:00:00","2025-10-20","AIRBNB * HM","-178.53","USD","A001_10_export.csv",""
"T01916","A004","7/26/2025","2025-07-27","Nike","-249.89","USD","A004_07_export.csv",""
"T01917","A005","2025-08-18 00:00:00","2025-08-20","AMZN Mktp US*","-193.1","USD","A005_08_export.csv",""
"T01918","A003","2025-02-28 00:00:00","2025-03-01","Cox Communications","-102.09","USD","A003_02_export.csv",""
"T01919","A004","2025-03-19","2025-03-20","WALGREENS #04712","-16.92","USD","A004_03_export.csv","Food"
"T01920","A002","2025-06-26 00:00:00","2025-06-27","AMC Theatres","-36.4","USD","A002_06_export.csv","Bills"
"T01921","A002","2025-09-17 00:00:00","2025-09-18","UBER *TRIP","-47.81","USD","A002_09_export.csv",""
"T01922","A003","2/3/2025","2025-02-05","Nike","-154.73","USD","A003_02_export.csv",""
"T01923","A001","5/5/2025","2025-05-06","Chipotle","-84.37","USD","A001_05_export.csv",""
"T01924","A001","2025-02-11","2025-02-12","Shell","-58.87","USD","A001_02_export.csv",""
"T01925","A005","2025-09-29","2025-09-30","Chipotle","-81.26","USD","A005_09_export.csv",""
"T01926","A001","2025-03-05","2025-03-06","DD *DOORDASH","-56.19","USD","A001_03_export.csv",""
"T01927","A005","3/28/2025","2025-03-29","SHELL OIL 5742","-18.86","USD","A005_03_export.csv",""
"T01928","A001","5/14/2025","2025-05-16","Target","-82.38","USD","A001_05_export.csv",""
"T01929","A002","2025-02-13","2025-02-15","CVS/PHARMACY #8829","-33.95","USD","A002_02_export.csv",""
"T01930","A004","5/14/2025","2025-05-15","CHEVRON 0209341","-16.99","USD","A004_05_export.csv",""
"T01931","A001","2025-04-08 00:00:00","2025-04-09","COSTCO WHSE #1320","-45.99","USD","A001_04_export.csv",""
"T01932","A001","2025-04-08 00:00:00","2025-04-09","TRADER JOES 124","-62.76","USD","A001_04_export.csv",""
"T01933","A001","2025-07-18","2025-07-19","Uber","-26.65","USD","A001_07_export.csv","Bills"
"T01934","A002","2025-09-02 00:00:00","2025-09-03","LAS VEGAS ATHLETIC CLUB","-40.62","USD","A002_09_export.csv",""
"T01935","A005","6/27/2025","2025-06-28","SW GAS CORP","-172.64","USD","A005_06_export.csv","Other"
"T01936","A005","12/7/2025","2025-12-08","SMITHS GROCERY 0348","-56.75","USD","A005_12_export.csv",""
"T01937","A003","6/19/2025","2025-06-20","AMZN Mktp US*","-149.66","USD","A003_06_export.csv",""
"T01938","A003","11/26/2025","2025-11-27","AIRBNB * HM","-731.94","USD","A003_11_export.csv",""
"T01939","A003","2025-08-12","2025-08-13","Southwest Gas","-49.1","USD","A003_08_export.csv",""
"T01940","A002","2025-03-15","2025-03-16","AMAZON.COM*","-32.54","USD","A002_03_export.csv",""
"T01941","A005","2025-09-01","2025-09-03","AMAZON.COM*","-189.2","USD","A005_09_export.csv",""
"T01942","A005","7/8/2025","2025-07-09","AMC Theatres","-22.87","USD","A005_07_export.csv",""
"T01943","A005","2025-10-21 00:00:00","2025-10-22","AMZN Mktp US*","-215.38","USD","A005_10_export.csv",""
"T01944","A002","2/1/2025","2025-02-02","CVS","-94.33","USD","A002_02_export.csv",""
"T01945","A003","2025-06-11 00:00:00","2025-06-12","NIKE LAS VEGAS","-223.1","USD","A003_06_export.csv",""
"T01946","A005","2025-12-26 00:00:00","2025-12-27","SPOTIFY USA","-32.1","USD","A005_12_export.csv",""
"T01947","A004","5/9/2025","2025-05-10","SHELL OIL 5742","-23.02","USD","A004_05_export.csv",""
"T01948","A004","3/11/2025","2025-03-13","Target","-188.56","USD","A004_03_export.csv",""
"T01949","A003","2025-03-11","2025-03-12","TARGET T-2450","-186.25","USD","A003_03_export.csv","Bills"
"T01950","A003","2025-02-13","2025-02-14","Shell","-83.22","USD","A003_02_export.csv","Bills"
"T01951","A003","2025-12-20","2025-12-21","Trader Joe's","-24.38","USD","A003_12_export.csv",""
"T01952","A005","2025-04-25 00:00:00","2025-04-26","WALGREENS #04712","-118.57","USD","A005_04_export.csv",""
"T01953","A004","2025-03-08 00:00:00","2025-03-09","Cox Communications","-172.12","USD","A004_03_export.csv","Bills"
"T01954","A003","2025-01-19","2025-01-21","CHEVRON 0209341","-76.56","USD","A003_01_export.csv","Shopping"
"T01955","A004","2025-02-23","2025-02-24","Marriott","-605.79","USD","A004_02_export.csv",""
"T01956","A005","2025-03-06","2025-03-08","Southwest Gas","-83.35","USD","A005_03_export.csv",""
"T01957","A003","2025-09-15 00:00:00","2025-09-16","Marriott","-720.6","USD","A003_09_export.csv",""
"T01958","A004","9/7/2025","2025-09-08","AMC Theatres","-72.56","USD","A004_09_export.csv",""
"T01959","A005","2025-05-06","2025-05-07","DD *DOORDASH","-26.89","USD","A005_05_export.csv",""
"T01960","A005","2025-10-13","2025-10-14","Cox Communications","-160.74","USD","A005_10_export.csv",""
"T01961","A005","2025-10-25","2025-10-26","SPOTIFY USA","-55.51","USD","A005_10_export.csv",""
"T01962","A003","8/25/2025","2025-08-26","SHELL OIL 5742","-33.91","USD","A003_08_export.csv",""
"T01963","A002","2025-12-29 00:00:00","2025-12-30","Uber Eats","-80.19","USD","A002_12_export.csv",""
"T01964","A002","6/16/2025","2025-06-17","Spotify","-28.7","USD","A002_06_export.csv",""
"T01965","A004","2025-10-21 00:00:00","2025-10-22","Cox Communications","-93.74","USD","A004_10_export.csv",""
"T01966","A002","11/20/2025","2025-11-21","Yard House","-48.14","USD","A002_11_export.csv","Shopping"
"T01967","A005","10/30/2025","2025-10-31","SPOTIFY USA","-34.95","USD","A005_10_export.csv",""
"T01968","A004","2025-03-23","2025-03-25","Chevron","-46.81","USD","A004_03_export.csv",""
"T01969","A003","2025-05-30 00:00:00","2025-06-01","LVAC","-108.52","USD","A003_05_export.csv",""
"T01970","A001","2025-06-03 00:00:00","2025-06-05","AIRBNB * HM","-175.16","USD","A001_06_export.csv",""
"T01971","A003","2025-03-27","2025-03-28","Southwest Gas","-157.74","USD","A003_03_export.csv",""
"T01972","A001","2025-09-25","2025-09-26","AMC 0039 TOWN SQUARE","-38.45","USD","A001_09_export.csv",""
"T01973","A001","10/22/2025","2025-10-23","Cox Communications","-169.24","USD","A001_10_export.csv",""
"T01974","A004","2025-08-23","2025-08-24","Uber","-35.85","USD","A004_08_export.csv",""
"T01975","A003","2025-04-30 00:00:00","2025-05-01","Chipotle","-20.84","USD","A003_04_export.csv",""
"T01976","A001","7/21/2025","2025-07-22","YARD HOUSE 8387","-58.31","USD","A001_07_export.csv",""
"T01977","A004","2025-05-28","2025-05-29","Southwest Gas","-67.52","USD","A004_05_export.csv","Other"
"T01978","A003","2025-02-03 00:00:00","2025-02-04","Southwest Gas","-215.62","USD","A003_02_export.csv",""
"T01979","A002","2025-05-13","2025-05-14","Southwest Gas","-59.06","USD","A002_05_export.csv","Food"
"T01980","A002","3/24/2025","2025-03-25","CVS/PHARMACY #8829","-79.07","USD","A002_03_export.csv",""
"T01981","A003","2025-10-05","2025-10-06","Chevron","-76.1","USD","A003_10_export.csv",""
"T01982","A005","11/9/2025","2025-11-10","Netflix","-39.93","USD","A005_11_export.csv",""
"T01983","A001","4/17/2025","2025-04-18","SPOTIFY USA","-32.77","USD","A001_04_export.csv",""
"T01984","A001","2025-11-05 00:00:00","2025-11-07","LAS VEGAS ATHLETIC CLUB","-66.44","USD","A001_11_export.csv",""
"T01985","A001","2025-08-21","2025-08-23","WALGREENS #04712","-80.82","USD","A001_08_export.csv","Other"
"T01986","A004","2025-12-14","2025-12-15","SMITHS GROCERY 0348","-165.24","USD","A004_12_export.csv","Shopping"
"T01987","A004","8/14/2025","2025-08-16","CVS","-16.27","USD","A004_08_export.csv","Food"
"T01988","A002","2025-09-04","2025-09-05","Walgreens","-89.81","USD","A002_09_export.csv",""
"T01989","A001","5/13/2025","2025-05-14","WALGREENS #04712","-83.71","USD","A001_05_export.csv",""
"T01990","A005","5/16/2025","2025-05-17","MARRIOTT HOTEL","-712.77","USD","A005_05_export.csv","Bills"
"T01991","A002","8/14/2025","2025-08-15","Southwest Airlines","-587.39","USD","A002_08_export.csv",""
"T01992","A002","12/15/2025","2025-12-16","UBER EATS HELP","-113.49","USD","A002_12_export.csv",""
"T01993","A004","2/4/2025","2025-02-05","COX COMMUNICATIONS","-227.8","USD","A004_02_export.csv",""
"T01994","A004","2025-07-13","2025-07-14","CVS","-117.07","USD","A004_07_export.csv",""
"T01995","A004","12/20/2025","2025-12-21","AIRBNB * HM","-707.81","USD","A004_12_export.csv",""
"T01996","A003","1/3/2025","2025-01-05","TRADER JOES 124","-128.04","USD","A003_01_export.csv","Shopping"
"T01997","A004","2025-08-31","2025-09-01","TARGET T-2450","-128.71","USD","A004_08_export.csv",""
"T01998","A002","2025-11-12","2025-11-13","NETFLIX.COM","-64.92","USD","A002_11_export.csv","Food"
"T01999","A005","2025-11-16","2025-11-17","AMAZON.COM*","-167.8","USD","A005_11_export.csv",""
"T02000","A002","3/6/2025","2025-03-07","Target","-66.13","USD","A002_03_export.csv",""
"T02001","A004","2025-10-20 00:00:00","2025-10-22","NVENERGY PAYMENT","-78.07","USD","A004_10_export.csv",""
"T02002","A003","2025-09-18 00:00:00","2025-09-19","DOORDASH*TEMP AUTH","-22.51","USD","A003_09_export.csv",""
"T02003","A001","2025-08-28","2025-08-30","Target","-163.86","USD","A001_08_export.csv",""
"T02004","A004","2025-05-07 00:00:00","2025-05-09","CVS","-122.49","USD","A004_05_export.csv",""
"T02005","A005","11/27/2025","2025-11-28","UBER EATS HELP","-48.65","USD","A005_11_export.csv",""
"T02006","A004","3/5/2025","2025-03-06","CVS","-56.96","USD","A004_03_export.csv",""
"T02007","A005","11/18/2025","2025-11-19","TARGET T-2450","-30.08","USD","A005_11_export.csv",""
"T02008","A004","2025-08-06 00:00:00","2025-08-08","Amazon","-117.55","USD","A004_08_export.csv",""
"T02009","A005","7/8/2025","2025-07-09","Walgreens","-59.67","USD","A005_07_export.csv",""
"T02010","A005","2025-12-25 00:00:00","2025-12-26","TRADER JOES 124","-133.72","USD","A005_12_export.csv",""
"T02011","A004","6/20/2025","2025-06-21","SW GAS CORP","-217.3","USD","A004_06_export.csv",""
"T02012","A001","5/17/2025","2025-05-18","TARGET T-2450","-22.34","USD","A001_05_export.csv",""
"T02013","A003","2025-09-20","2025-09-21","CVS","-61.33","USD","A003_09_export.csv",""
"T02014","A002","12/20/2025","2025-12-21","NETFLIX.COM","-14.68","USD","A002_12_export.csv",""
"T02015","A002","2025-04-04","2025-04-06","Yard House","-25.75","USD","A002_04_export.csv",""
"T02016","A002","2025-05-14","2025-05-15","Spotify","-67.1","USD","A002_05_export.csv",""
"T02017","A001","2025-03-06","2025-03-08","Smith's","-135.25","USD","A001_03_export.csv",""
"T02018","A004","7/9/2025","2025-07-10","Trader Joe's","-114.16","USD","A004_07_export.csv",""
"T02019","A001","2025-04-20 00:00:00","2025-04-21","NVENERGY PAYMENT","-85.71","USD","A001_04_export.csv",""
"T02020","A003","2025-05-01","2025-05-02","SMITHS #348","-123.11","USD","A003_05_export.csv","Shopping"
"T02021","A003","9/1/2025","2025-09-02","CVS/PHARMACY #8829","-104.64","USD","A003_09_export.csv","Bills"
"T02022","A003","2025-05-23 00:00:00","2025-05-24","Shell","-61.89","USD","A003_05_export.csv",""
"T02023","A003","2025-02-26","2025-02-27","SOUTHWEST AIR","-404.36","USD","A003_02_export.csv",""
"T02024","A005","11/18/2025","2025-11-20","TARGET T-2450","-159.39","USD","A005_11_export.csv",""
"T02025","A003","8/15/2025","2025-08-16","NV Energy","-53.06","USD","A003_08_export.csv","Other"
"T02026","A003","2025-01-02 00:00:00","2025-01-04","LAS VEGAS ATHLETIC CLUB","-72.58","USD","A003_01_export.csv",""
"T02027","A005","2/12/2025","2025-02-14","Walgreens","-17.05","USD","A005_02_export.csv",""
"T02028","A005","2025-05-05","2025-05-06","NIKE LAS VEGAS","-211.09","USD","A005_05_export.csv",""
"T02029","A005","9/23/2025","2025-09-24","Trader Joe's","-42.91","USD","A005_09_export.csv",""
"T02030","A001","2025-04-10","2025-04-12","LAS VEGAS ATHLETIC CLUB","-89.86","USD","A001_04_export.csv",""
"T02031","A005","6/27/2025","2025-06-29","Costco","-79.83","USD","A005_06_export.csv",""
"T02032","A002","2025-07-02","2025-07-03","Chevron","-66.61","USD","A002_07_export.csv",""
"T02033","A004","3/16/2025","2025-03-17","Uber Eats","-106.9","USD","A004_03_export.csv",""
"T02034","A003","2025-07-10 00:00:00","2025-07-11","Chipotle","-113.54","USD","A003_07_export.csv",""
"T02035","A001","2025-05-04","2025-05-06","Spotify","-12.91","USD","A001_05_export.csv",""
"T02036","A001","2025-03-17","2025-03-18","CHEVRON 0209341","-80.01","USD","A001_03_export.csv",""
"T02037","A002","10/15/2025","2025-10-16","NETFLIX.COM","-52.64","USD","A002_10_export.csv",""
"T02038","A002","9/1/2025","2025-09-02","UBER *EATS","-92.47","USD","A002_09_export.csv",""
"T02039","A001","2025-11-17 00:00:00","2025-11-18","SMITHS #348","-177.68","USD","A001_11_export.csv",""
"T02040","A005","5/24/2025","2025-05-25","CHIPOTLE 2841","-109.73","USD","A005_05_export.csv",""
"T02041","A005","2025-09-14 00:00:00","2025-09-15","Southwest Gas","-240.09","USD","A005_09_export.csv",""
"T02042","A003","2025-01-12 00:00:00","2025-01-13","AIRBNB * HM","-285.8","USD","A003_01_export.csv",""
"T02043","A002","2025-06-22","2025-06-24","Target","-121.48","USD","A002_06_export.csv",""
"T02044","A004","2025-02-02","2025-02-03","CVS","-116.45","USD","A004_02_export.csv",""
"T02045","A002","2025-09-22 00:00:00","2025-09-23","Costco","-91.81","USD","A002_09_export.csv","Other"
"T02046","A004","2025-11-28 00:00:00","2025-11-30","Costco","-28.82","USD","A004_11_export.csv",""
"T02047","A001","2025-02-14 00:00:00","2025-02-15","SW GAS CORP","-76.35","USD","A001_02_export.csv",""
"T02048","A004","2025-07-15 00:00:00","2025-07-16","Nike","-159.22","USD","A004_07_export.csv",""
"T02049","A005","7/10/2025","2025-07-11","NETFLIX.COM","-73.04","USD","A005_07_export.csv",""
"T02050","A003","9/10/2025","2025-09-11","Airbnb","-741.88","USD","A003_09_export.csv",""
"T02051","A002","11/2/2025","2025-11-03","NVENERGY PAYMENT","-92.06","USD","A002_11_export.csv",""
"T02052","A003","11/28/2025","2025-11-29","NIKE LAS VEGAS","-68.62","USD","A003_11_export.csv","Food"
"T02053","A001","2025-01-15 00:00:00","2025-01-16","SPOTIFY USA","-39.42","USD","A001_01_export.csv",""
"T02054","A004","2025-08-15","2025-08-17","SHELL OIL 5742","-36.73","USD","A004_08_export.csv",""
"T02055","A004","3/10/2025","2025-03-11","LAS VEGAS ATHLETIC CLUB","-36.01","USD","A004_03_export.csv",""
"T02056","A005","2025-01-01 00:00:00","2025-01-02","LVAC","-93.43","USD","A005_01_export.csv",""
"T02057","A004","2025-06-11 00:00:00","2025-06-12","Marriott","-498.64","USD","A004_06_export.csv",""
"T02058","A005","2025-05-10 00:00:00","2025-05-11","YARD HOUSE 8387","-94.33","USD","A005_05_export.csv",""
"T02059","A003","2025-04-15 00:00:00","2025-04-16","NV Energy","-112.3","USD","A003_04_export.csv",""
"T02060","A005","2025-06-22 00:00:00","2025-06-23","Cox Communications","-232.32","USD","A005_06_export.csv",""
"T02061","A001","2025-07-05 00:00:00","2025-07-06","Yard House","-54.36","USD","A001_07_export.csv","Other"
"T02062","A002","2025-03-26","2025-03-28","Amazon","-25.14","USD","A002_03_export.csv",""
"T02063","A004","9/25/2025","2025-09-26","NETFLIX.COM","-58.87","USD","A004_09_export.csv",""
"T02064","A001","2025-03-29","2025-03-31","AMC 0039 TOWN SQUARE","-61.08","USD","A001_03_export.csv",""
"T02065","A001","6/11/2025","2025-06-12","SMITHS GROCERY 0348","-30.61","USD","A001_06_export.csv",""
"T02066","A005","2025-08-22","2025-08-24","LAS VEGAS ATHLETIC CLUB","-54.67","USD","A005_08_export.csv",""
"T02067","A004","2025-03-06","2025-03-07","NV Energy","-195.3","USD","A004_03_export.csv",""
"T02068","A003","9/27/2025","2025-09-29","Amazon","-173.17","USD","A003_09_export.csv",""
"T02069","A003","2025-05-01 00:00:00","2025-05-02","CHEVRON 0209341","-41.42","USD","A003_05_export.csv",""
"T02070","A003","10/1/2025","2025-10-02","YARD HOUSE 8387","-107.85","USD","A003_10_export.csv",""
"T02071","A001","2025-03-04 00:00:00","2025-03-05","Walgreens","-91.27","USD","A001_03_export.csv",""
"T02072","A005","2025-02-24","2025-02-25","Target","-193.51","USD","A005_02_export.csv",""
"T02073","A005","2025-12-29 00:00:00","2025-12-30","CHEVRON 0209341","-28.11","USD","A005_12_export.csv",""
"T02074","A001","10/10/2025","2025-10-11","Walgreens","-17.61","USD","A001_10_export.csv",""
"T02075","A004","4/7/2025","2025-04-08","CVS/PHARMACY #8829","-51.66","USD","A004_04_export.csv",""
"T02076","A001","2025-10-07 00:00:00","2025-10-08","COSTCO WHSE #1320","-23.55","USD","A001_10_export.csv",""
"T02077","A005","7/29/2025","2025-07-31","DD *DOORDASH","-104.37","USD","A005_07_export.csv","Other"
"T02078","A003","2025-04-27","2025-04-28","Shell","-44.29","USD","A003_04_export.csv",""
"T02079","A004","10/10/2025","2025-10-11","AMC 0039 TOWN SQUARE","-56.69","USD","A004_10_export.csv","Shopping"
"T02080","A005","12/22/2025","2025-12-23","WALGREENS #04712","-109.42","USD","A005_12_export.csv","Other"
"T02081","A005","11/13/2025","2025-11-14","NVENERGY PAYMENT","-75.78","USD","A005_11_export.csv",""
"T02082","A001","10/9/2025","2025-10-11","LAS VEGAS ATHLETIC CLUB","-52.85","USD","A001_10_export.csv",""
"T02083","A001","2025-06-24","2025-06-26","NETFLIX.COM","-64.22","USD","A001_06_export.csv",""
"T02084","A005","2025-01-10 00:00:00","2025-01-11","COSTCO WHSE #1320","-155.62","USD","A005_01_export.csv",""
"T02085","A005","5/19/2025","2025-05-20","Chipotle","-85.55","USD","A005_05_export.csv",""
"T02086","A002","2025-04-09","2025-04-10","NV Energy","-121.13","USD","A002_04_export.csv","Bills"
"T02087","A003","10/3/2025","2025-10-05","NIKE LAS VEGAS","-155.73","USD","A003_10_export.csv",""
"T02088","A005","2025-06-16 00:00:00","2025-06-17","CHEVRON 0209341","-22.5","USD","A005_06_export.csv",""
"T02089","A005","2025-01-18","2025-01-19","Cox Communications","-62.28","USD","A005_01_export.csv",""
"T02090","A001","2025-10-16","2025-10-17","NIKE LAS VEGAS","-30.37","USD","A001_10_export.csv","Other"
"T02091","A001","2025-01-06","2025-01-08","Nike","-79.35","USD","A001_01_export.csv",""
"T02092","A004","2025-02-04","2025-02-05","Shell","-88.86","USD","A004_02_export.csv",""
"T02093","A002","2025-03-13","2025-03-14","Spotify","-35.09","USD","A002_03_export.csv",""
"T02094","A004","2025-08-03","2025-08-04","AIRBNB * HM","-569.57","USD","A004_08_export.csv",""
"T02095","A005","10/9/2025","2025-10-11","LVAC","-88.15","USD","A005_10_export.csv","Bills"
"T02096","A001","2025-04-27 00:00:00","2025-04-29","LVAC","-20.69","USD","A001_04_export.csv",""
"T02097","A001","2025-05-07 00:00:00","2025-05-08","Marriott","-536.24","USD","A001_05_export.csv","Shopping"
"T02098","A003","1/15/2025","2025-01-16","Walgreens","-105.31","USD","A003_01_export.csv",""
"T02099","A005","2025-04-12 00:00:00","2025-04-14","Airbnb","-772.48","USD","A005_04_export.csv",""
"T02100","A004","2025-02-23 00:00:00","2025-02-24","Cox Communications","-154.73","USD","A004_02_export.csv",""
"T02101","A005","5/22/2025","2025-05-23","Spotify","-69.16","USD","A005_05_export.csv","Other"
"T02102","A005","2025-06-02","2025-06-03","Nike","-24.92","USD","A005_06_export.csv","Shopping"
"T02103","A005","2025-11-06 00:00:00","2025-11-07","WALGREENS #04712","-63.75","USD","A005_11_export.csv",""
"T02104","A005","3/4/2025","2025-03-05","SMITHS #348","-74.88","USD","A005_03_export.csv",""
"T02105","A001","1/6/2025","2025-01-07","AMC Theatres","-57.55","USD","A001_01_export.csv",""
"T02106","A002","2025-08-27 00:00:00","2025-08-28","AMC Theatres","-20.03","USD","A002_08_export.csv",""
"T02107","A003","11/16/2025","2025-11-17","MARRIOTT HOTEL","-346.64","USD","A003_11_export.csv",""
"T02108","A003","2025-03-10 00:00:00","2025-03-12","Southwest Gas","-120.32","USD","A003_03_export.csv",""
"T02109","A004","2025-12-06","2025-12-07","Costco","-64.62","USD","A004_12_export.csv",""
"T02110","A002","10/10/2025","2025-10-11","SW GAS CORP","-202.73","USD","A002_10_export.csv",""
"T02111","A001","2025-02-06 00:00:00","2025-02-07","AMAZON.COM*","-43.18","USD","A001_02_export.csv",""
"T02112","A003","10/4/2025","2025-10-05","Walgreens","-38.85","USD","A003_10_export.csv","Bills"
"T02113","A002","6/12/2025","2025-06-13","Costco","-112.02","USD","A002_06_export.csv",""
"T02114","A001","2025-02-15","2025-02-16","CVS/PHARMACY #8829","-36.41","USD","A001_02_export.csv",""
"T02115","A003","2025-10-08 00:00:00","2025-10-10","SMITHS GROCERY 0348","-184.06","USD","A003_10_export.csv",""
"T02116","A004","9/28/2025","2025-09-29","Airbnb","-649.97","USD","A004_09_export.csv",""
"T02117","A002","2025-12-06 00:00:00","2025-12-07","AIRBNB * HM","-333.21","USD","A002_12_export.csv",""
"T02118","A001","2025-11-09","2025-11-11","Smith's","-134.38","USD","A001_11_export.csv","Shopping"
"T02119","A001","2025-12-06 00:00:00","2025-12-07","Shell","-40.88","USD","A001_12_export.csv",""
"T02120","A004","2025-10-12","2025-10-13","CHIPOTLE 2841","-106.37","USD","A004_10_export.csv",""
"T02121","A003","11/16/2025","2025-11-17","AIRBNB * HM","-440.33","USD","A003_11_export.csv",""
"T02122","A002","2025-08-23 00:00:00","2025-08-24","AMZN Mktp US*","-258.15","USD","A002_08_export.csv",""
"T02123","A004","2025-12-29 00:00:00","2025-12-30","NIKE LAS VEGAS","-257.93","USD","A004_12_export.csv",""
"T02124","A005","2025-01-11 00:00:00","2025-01-12","NIKE LAS VEGAS","-197.39","USD","A005_01_export.csv",""
"T02125","A005","2025-06-03 00:00:00","2025-06-04","Trader Joe's","-111.93","USD","A005_06_export.csv",""
"T02126","A002","2025-09-21","2025-09-22","AMC 0039 TOWN SQUARE","-33.88","USD","A002_09_export.csv",""
"T02127","A002","1/19/2025","2025-01-20","Amazon","-47.43","USD","A002_01_export.csv",""
"T02128","A004","2025-01-08","2025-01-09","SPOTIFY USA","-58.88","USD","A004_01_export.csv","Shopping"
"T02129","A004","2025-06-11","2025-06-12","SMITHS #348","-36.41","USD","A004_06_export.csv",""
"T02130","A002","2025-01-31 00:00:00","2025-02-02","MARRIOTT HOTEL","-475.87","USD","A002_01_export.csv",""
"T02131","A003","2025-04-01","2025-04-02","Target","-30.89","USD","A003_04_export.csv","Bills"
"T02132","A001","7/8/2025","2025-07-09","Chevron","-43.58","USD","A001_07_export.csv",""
"T02133","A005","2025-06-22","2025-06-23","Airbnb","-302.63","USD","A005_06_export.csv",""
"T02134","A001","2025-12-18 00:00:00","2025-12-20","SMITHS GROCERY 0348","-183.57","USD","A001_12_export.csv",""
"T02135","A002","2025-12-06 00:00:00","2025-12-07","YARD HOUSE 8387","-79.03","USD","A002_12_export.csv",""
"T02136","A001","2025-01-20 00:00:00","2025-01-21","NIKE LAS VEGAS","-66.09","USD","A001_01_export.csv","Shopping"
"T02137","A005","9/9/2025","2025-09-10","DoorDash","-70.93","USD","A005_09_export.csv","Other"
"T02138","A005","2025-08-24 00:00:00","2025-08-25","CVS","-19.86","USD","A005_08_export.csv",""
"T02139","A001","2025-01-26 00:00:00","2025-01-28","Southwest Gas","-165.86","USD","A001_01_export.csv",""
"T02140","A004","2025-05-26","2025-05-28","SMITHS #348","-104.8","USD","A004_05_export.csv",""
"T02141","A003","2025-07-27 00:00:00","2025-07-29","Cox Communications","-83.86","USD","A003_07_export.csv",""
"T02142","A004","2025-11-23","2025-11-24","MARRIOTT HOTEL","-916.36","USD","A004_11_export.csv",""
"T02143","A005","2025-05-04 00:00:00","2025-05-05","Marriott","-922.58","USD","A005_05_export.csv",""
"T02144","A001","2025-09-01","2025-09-02","Trader Joe's","-149.66","USD","A001_09_export.csv",""
"T02145","A005","2025-01-30","2025-01-31","WALGREENS #04712","-16.49","USD","A005_01_export.csv",""
"T02146","A003","8/23/2025","2025-08-25","Shell","-39.55","USD","A003_08_export.csv",""
"T02147","A003","2025-03-09 00:00:00","2025-03-10","CVS/PHARMACY #8829","-57.53","USD","A003_03_export.csv",""
"T02148","A004","6/17/2025","2025-06-18","Shell","-63.89","USD","A004_06_export.csv",""
"T02149","A002","2025-08-23","2025-08-25","Netflix","-32.4","USD","A002_08_export.csv",""
"T02150","A004","2025-06-27 00:00:00","2025-06-28","NETFLIX.COM","-25.87","USD","A004_06_export.csv",""
"T02151","A003","2/2/2025","2025-02-04","TARGET T-2450","-255.55","USD","A003_02_export.csv",""
"T02152","A002","2/4/2025","2025-02-05","Uber","-86.98","USD","A002_02_export.csv",""
"T02153","A004","7/26/2025","2025-07-28","AMC Theatres","-42.33","USD","A004_07_export.csv",""
"T02154","A005","2025-09-03 00:00:00","2025-09-04","UBER *TRIP","-13.76","USD","A005_09_export.csv",""
"T02155","A003","10/12/2025","2025-10-13","Nike","-223.72","USD","A003_10_export.csv",""
"T02156","A005","2025-08-21","2025-08-22","COX COMMUNICATIONS","-118.16","USD","A005_08_export.csv",""
"T02157","A001","2025-01-07 00:00:00","2025-01-08","NIKE LAS VEGAS","-174","USD","A001_01_export.csv",""
"T02158","A004","2/22/2025","2025-02-23","CHEVRON 0209341","-77.92","USD","A004_02_export.csv",""
"T02159","A004","2025-12-23","2025-12-24","Netflix","-71.41","USD","A004_12_export.csv",""
"T02160","A001","2025-04-15","2025-04-16","Southwest Airlines","-273.33","USD","A001_04_export.csv",""
"T02161","A005","2025-01-13 00:00:00","2025-01-14","Chipotle","-76.99","USD","A005_01_export.csv",""
"T02162","A005","11/20/2025","2025-11-21","CHIPOTLE 2841","-87.28","USD","A005_11_export.csv",""
"T02163","A002","2025-09-01 00:00:00","2025-09-02","SW GAS CORP","-192.78","USD","A002_09_export.csv",""
"T02164","A003","8/14/2025","2025-08-15","CVS","-86.77","USD","A003_08_export.csv",""
"T02165","A005","4/21/2025","2025-04-23","Marriott","-648.89","USD","A005_04_export.csv",""
"T02166","A003","2025-08-26","2025-08-27","COX COMMUNICATIONS","-100.47","USD","A003_08_export.csv","Other"
"T02167","A004","7/31/2025","2025-08-01","CVS/PHARMACY #8829","-18.41","USD","A004_07_export.csv",""
"T02168","A002","2025-06-09","2025-06-10","Costco","-25.59","USD","A002_06_export.csv",""
"T02169","A003","9/6/2025","2025-09-07","Netflix","-29.37","USD","A003_09_export.csv",""
"T02170","A002","2/1/2025","2025-02-03","COSTCO WHSE #1320","-166.9","USD","A002_02_export.csv",""
"T02171","A005","2025-03-23","2025-03-24","COX COMMUNICATIONS","-229.79","USD","A005_03_export.csv",""
"T02172","A001","2025-01-06","2025-01-08","NIKE LAS VEGAS","-148.96","USD","A001_01_export.csv",""
"T02173","A005","2025-05-30 00:00:00","2025-05-31","CVS","-84.8","USD","A005_05_export.csv",""
"T02174","A001","10/1/2025","2025-10-02","SPOTIFY USA","-37.04","USD","A001_10_export.csv",""
"T02175","A002","2/21/2025","2025-02-23","Marriott","-542.12","USD","A002_02_export.csv",""
"T02176","A004","7/6/2025","2025-07-08","AMZN Mktp US*","-142.44","USD","A004_07_export.csv",""
"T02177","A005","2025-08-17 00:00:00","2025-08-18","DOORDASH*TEMP AUTH","-107.76","USD","A005_08_export.csv",""
"T02178","A002","2/18/2025","2025-02-19","NVENERGY PAYMENT","-195.06","USD","A002_02_export.csv","Shopping"
"T02179","A003","2025-01-05","2025-01-06","AIRBNB * HM","-190.47","USD","A003_01_export.csv",""
"T02180","A001","2025-11-09 00:00:00","2025-11-10","DOORDASH*TEMP AUTH","-47","USD","A001_11_export.csv",""
"T02181","A003","2025-08-19","2025-08-21","AMC Theatres","-71.2","USD","A003_08_export.csv",""
"T02182","A001","2025-01-13","2025-01-14","CVS","-24.12","USD","A001_01_export.csv",""
"T02183","A002","6/23/2025","2025-06-24","Marriott","-937.62","USD","A002_06_export.csv",""
"T02184","A001","2025-12-10 00:00:00","2025-12-11","SPOTIFY USA","-28.12","USD","A001_12_export.csv",""
"T02185","A004","1/12/2025","2025-01-14","NETFLIX.COM","-35.12","USD","A004_01_export.csv",""
"T02186","A001","2025-11-18","2025-11-19","AMC 0039 TOWN SQUARE","-14.34","USD","A001_11_export.csv",""
"T02187","A004","2025-09-09 00:00:00","2025-09-10","YARD HOUSE 8387","-88.56","USD","A004_09_export.csv",""
"T02188","A005","2025-09-03","2025-09-04","Netflix","-22.99","USD","A005_09_export.csv",""
"T02189","A001","1/15/2025","2025-01-16","TARGET T-2450","-191.42","USD","A001_01_export.csv",""
"T02190","A005","2025-04-28 00:00:00","2025-04-29","Netflix","-37.34","USD","A005_04_export.csv",""
"T02191","A003","3/14/2025","2025-03-15","CVS","-94.65","USD","A003_03_export.csv",""
"T02192","A003","2025-02-18","2025-02-20","NETFLIX.COM","-53.07","USD","A003_02_export.csv",""
"T02193","A004","1/4/2025","2025-01-05","SOUTHWEST AIR","-640.37","USD","A004_01_export.csv","Bills"
"T02194","A005","2/14/2025","2025-02-15","CVS/PHARMACY #8829","-77.38","USD","A005_02_export.csv",""
"T02195","A001","2025-06-11 00:00:00","2025-06-12","UBER *TRIP","-67.44","USD","A001_06_export.csv",""
"T02196","A005","2025-07-29","2025-07-30","AMZN Mktp US*","-214.65","USD","A005_07_export.csv",""
"T02197","A004","2025-08-10 00:00:00","2025-08-11","Uber","-16.71","USD","A004_08_export.csv",""
"T02198","A003","7/18/2025","2025-07-20","COX COMMUNICATIONS","-187.34","USD","A003_07_export.csv","Bills"
"T02199","A001","2025-01-14 00:00:00","2025-01-15","AMZN Mktp US*","-51.38","USD","A001_01_export.csv",""
"T02200","A001","2025-04-15 00:00:00","2025-04-17","SPOTIFY USA","-54.64","USD","A001_04_export.csv",""
"T02201","A005","2025-12-25 00:00:00","2025-12-26","AMC 0039 TOWN SQUARE","-37.57","USD","A005_12_export.csv",""
"T02202","A002","2025-04-07 00:00:00","2025-04-09","SW GAS CORP","-89.45","USD","A002_04_export.csv",""
"T02203","A003","5/16/2025","2025-05-17","Marriott","-531.42","USD","A003_05_export.csv",""
"T02204","A001","2025-06-08 00:00:00","2025-06-09","DD *DOORDASH","-86.26","USD","A001_06_export.csv",""
"T02205","A003","2025-03-19","2025-03-20","Chevron","-15.89","USD","A003_03_export.csv",""
"T02206","A001","8/25/2025","2025-08-26","Marriott","-861.77","USD","A001_08_export.csv","Shopping"
"T02207","A001","2025-05-09","2025-05-10","LAS VEGAS ATHLETIC CLUB","-61.7","USD","A001_05_export.csv",""
"T02208","A003","9/9/2025","2025-09-10","Uber Eats","-84.01","USD","A003_09_export.csv","Other"
"T02209","A001","6/20/2025","2025-06-21","AMZN Mktp US*","-174.77","USD","A001_06_export.csv",""
"T02210","A005","2025-01-18 00:00:00","2025-01-19","CVS","-87.04","USD","A005_01_export.csv",""
"T02211","A002","10/30/2025","2025-10-31","TARGET T-2450","-131.27","USD","A002_10_export.csv",""
"T02212","A002","2025-04-14 00:00:00","2025-04-16","Smith's","-122.92","USD","A002_04_export.csv",""
"T02213","A004","2025-02-26 00:00:00","2025-02-28","Airbnb","-816.58","USD","A004_02_export.csv",""
"T02214","A002","11/29/2025","2025-11-30","DD *DOORDASH","-75.74","USD","A002_11_export.csv",""
"T02215","A005","12/24/2025","2025-12-25","Southwest Airlines","-193.53","USD","A005_12_export.csv",""
"T02216","A003","2025-08-31","2025-09-01","NIKE LAS VEGAS","-173.46","USD","A003_08_export.csv",""
"T02217","A003","12/18/2025","2025-12-19","Southwest Airlines","-397.43","USD","A003_12_export.csv",""
"T02218","A003","2025-10-05","2025-10-07","WALGREENS #04712","-78.58","USD","A003_10_export.csv",""
"T02219","A005","1/30/2025","2025-01-31","NVENERGY PAYMENT","-163.6","USD","A005_01_export.csv",""
"T02220","A005","2025-03-02 00:00:00","2025-03-03","WALGREENS #04712","-64.8","USD","A005_03_export.csv",""
"T02221","A002","3/18/2025","2025-03-19","Uber Eats","-19.61","USD","A002_03_export.csv",""
"T02222","A005","2025-05-30","2025-05-31","WALGREENS #04712","-10.69","USD","A005_05_export.csv",""
"T02223","A003","2025-03-14 00:00:00","2025-03-15","NIKE LAS VEGAS","-239.25","USD","A003_03_export.csv",""
"T02224","A004","2025-02-19 00:00:00","2025-02-20","Netflix","-48.95","USD","A004_02_export.csv",""
"T02225","A003","5/7/2025","2025-05-09","Amazon","-220.16","USD","A003_05_export.csv",""
"T02226","A004","2025-07-19 00:00:00","2025-07-20","AMZN Mktp US*","-84.08","USD","A004_07_export.csv",""
"T02227","A003","9/2/2025","2025-09-03","UBER *TRIP","-38.74","USD","A003_09_export.csv",""
"T02228","A003","10/5/2025","2025-10-06","AMC 0039 TOWN SQUARE","-13.78","USD","A003_10_export.csv",""
"T02229","A005","2025-02-24","2025-02-25","Southwest Gas","-243.35","USD","A005_02_export.csv",""
"T02230","A002","2025-04-12","2025-04-14","NV Energy","-118.77","USD","A002_04_export.csv",""
"T02231","A005","2025-04-23","2025-04-24","Cox Communications","-205.54","USD","A005_04_export.csv",""
"T02232","A001","11/8/2025","2025-11-09","UBER *EATS","-33.74","USD","A001_11_export.csv",""
"T02233","A002","2025-05-30","2025-05-31","Target","-200.43","USD","A002_05_export.csv",""
"T02234","A002","2025-10-28 00:00:00","2025-10-29","AMZN Mktp US*","-210.64","USD","A002_10_export.csv",""
"T02235","A003","2025-10-20","2025-10-21","AMAZON.COM*","-206.08","USD","A003_10_export.csv",""
"T02236","A001","2025-02-16 00:00:00","2025-02-18","DoorDash","-53.9","USD","A001_02_export.csv",""
"T02237","A001","2025-11-05","2025-11-06","Nike","-47.53","USD","A001_11_export.csv",""
"T02238","A004","1/23/2025","2025-01-25","UBER *TRIP","-55.71","USD","A004_01_export.csv",""
"T02239","A001","2025-06-21","2025-06-22","SW GAS CORP","-162.64","USD","A001_06_export.csv",""
"T02240","A002","2025-06-30 00:00:00","2025-07-01","Chipotle","-66.7","USD","A002_06_export.csv","Bills"
"T02241","A002","2025-11-15 00:00:00","2025-11-16","AMC Theatres","-50.1","USD","A002_11_export.csv",""
"T02242","A003","11/3/2025","2025-11-05","NV Energy","-46.08","USD","A003_11_export.csv",""
"T02243","A002","2025-02-09","2025-02-11","SPOTIFY USA","-33.42","USD","A002_02_export.csv",""
"T02244","A004","2025-07-02 00:00:00","2025-07-04","DOORDASH*TEMP AUTH","-31.27","USD","A004_07_export.csv",""
"T02245","A005","2025-08-04 00:00:00","2025-08-05","CVS/PHARMACY #8829","-28.44","USD","A005_08_export.csv",""
"T02246","A004","2/16/2025","2025-02-17","CHEVRON 0209341","-38.78","USD","A004_02_export.csv",""
"T02247","A004","6/10/2025","2025-06-11","SMITHS #348","-112.26","USD","A004_06_export.csv",""
"T02248","A004","2025-03-15","2025-03-16","LVAC","-28.88","USD","A004_03_export.csv",""
"T02249","A003","3/3/2025","2025-03-04","SOUTHWEST AIR","-428.61","USD","A003_03_export.csv",""
"T02250","A005","12/24/2025","2025-12-25","COX COMMUNICATIONS","-211.93","USD","A005_12_export.csv",""
"T02251","A004","1/27/2025","2025-01-28","Costco","-136.76","USD","A004_01_export.csv",""
"T02252","A005","2025-06-15","2025-06-16","UBER *TRIP","-24.55","USD","A005_06_export.csv",""
"T02253","A005","10/9/2025","2025-10-10","Chipotle","-85.36","USD","A005_10_export.csv",""
"T02254","A002","2025-12-05","2025-12-06","LAS VEGAS ATHLETIC CLUB","-103.42","USD","A002_12_export.csv",""
"T02255","A001","2025-03-15","2025-03-16","SOUTHWEST AIR","-255.28","USD","A001_03_export.csv",""
"T02256","A001","2025-09-22 00:00:00","2025-09-23","CVS/PHARMACY #8829","-17.97","USD","A001_09_export.csv","Other"
"T02257","A003","2025-07-22","2025-07-23","Trader Joe's","-145.77","USD","A003_07_export.csv",""
"T02258","A002","2025-08-27","2025-08-28","Uber","-71.36","USD","A002_08_export.csv","Other"
"T02259","A003","2025-06-16 00:00:00","2025-06-17","SHELL OIL 5742","-62.35","USD","A003_06_export.csv",""
"T02260","A003","2025-12-03 00:00:00","2025-12-04","Uber","-63.38","USD","A003_12_export.csv",""
"T02261","A002","7/1/2025","2025-07-02","COSTCO WHSE #1320","-47.26","USD","A002_07_export.csv",""
"T02262","A002","2025-03-17","2025-03-18","TRADER JOES 124","-75.99","USD","A002_03_export.csv",""
"T02263","A004","2025-08-03","2025-08-05","DoorDash","-98.79","USD","A004_08_export.csv",""
"T02264","A004","2/11/2025","2025-02-12","SW GAS CORP","-155.72","USD","A004_02_export.csv","Food"
"T02265","A005","2025-12-25 00:00:00","2025-12-27","AMC Theatres","-47.25","USD","A005_12_export.csv",""
"T02266","A001","10/8/2025","2025-10-09","AMAZON.COM*","-226.16","USD","A001_10_export.csv",""
"T02267","A004","2025-11-04","2025-11-05","Southwest Airlines","-301.04","USD","A004_11_export.csv",""
"T02268","A001","8/9/2025","2025-08-10","COSTCO WHSE #1320","-93.48","USD","A001_08_export.csv",""
"T02269","A005","2025-12-05","2025-12-06","Chevron","-74.12","USD","A005_12_export.csv",""
"T02270","A002","2025-06-07 00:00:00","2025-06-08","Cox Communications","-196.91","USD","A002_06_export.csv",""
"T02271","A005","6/11/2025","2025-06-12","Costco","-93.65","USD","A005_06_export.csv",""
"T02272","A003","5/14/2025","2025-05-15","Smith's","-117.58","USD","A003_05_export.csv",""
"T02273","A001","2025-01-16 00:00:00","2025-01-18","COX COMMUNICATIONS","-77.71","USD","A001_01_export.csv",""
"T02274","A003","2025-01-09 00:00:00","2025-01-10","COX COMMUNICATIONS","-62.77","USD","A003_01_export.csv",""
"T02275","A005","7/14/2025","2025-07-15","NETFLIX.COM","-61.87","USD","A005_07_export.csv","Food"
"T02276","A003","2025-03-15","2025-03-16","Spotify","-22.63","USD","A003_03_export.csv",""
"T02277","A001","2025-07-15","2025-07-16","CVS/PHARMACY #8829","-75.09","USD","A001_07_export.csv",""
"T02278","A002","7/29/2025","2025-07-30","NIKE LAS VEGAS","-216.97","USD","A002_07_export.csv",""
"T02279","A003","2025-11-24 00:00:00","2025-11-25","Chevron","-90.52","USD","A003_11_export.csv",""
"T02280","A001","2025-11-08 00:00:00","2025-11-09","Marriott","-459.9","USD","A001_11_export.csv",""
"T02281","A004","2025-07-15 00:00:00","2025-07-16","NETFLIX.COM","-38.92","USD","A004_07_export.csv",""
"T02282","A002","2025-01-11 00:00:00","2025-01-12","LAS VEGAS ATHLETIC CLUB","-32.91","USD","A002_01_export.csv",""
"T02283","A004","2025-09-19","2025-09-21","SHELL OIL 5742","-24.04","USD","A004_09_export.csv",""
"T02284","A001","9/11/2025","2025-09-12","TARGET T-2450","-130.8","USD","A001_09_export.csv",""
"T02285","A002","2025-06-25","2025-06-26","Walgreens","-83.18","USD","A002_06_export.csv",""
"T02286","A003","10/18/2025","2025-10-20","DD *DOORDASH","-98.68","USD","A003_10_export.csv",""
"T02287","A004","2025-05-03 00:00:00","2025-05-04","Uber Eats","-9.66","USD","A004_05_export.csv",""
"T02288","A003","2025-02-28 00:00:00","2025-03-01","WALGREENS #04712","-45.59","USD","A003_02_export.csv","Other"
"T02289","A002","8/17/2025","2025-08-19","Uber","-37.3","USD","A002_08_export.csv","Food"
"T02290","A005","2025-02-16 00:00:00","2025-02-17","LVAC","-93.85","USD","A005_02_export.csv","Bills"
"T02291","A002","2025-08-08","2025-08-10","DD *DOORDASH","-34.82","USD","A002_08_export.csv",""
"T02292","A001","2025-01-19 00:00:00","2025-01-20","Target","-36.58","USD","A001_01_export.csv",""
"T02293","A005","2025-05-04","2025-05-05","AMC Theatres","-35.77","USD","A005_05_export.csv",""
"T02294","A005","12/25/2025","2025-12-26","COX COMMUNICATIONS","-111.59","USD","A005_12_export.csv",""
"T02295","A005","2025-06-27","2025-06-28","UBER *TRIP","-86.12","USD","A005_06_export.csv",""
"T02296","A003","6/23/2025","2025-06-24","AMC 0039 TOWN SQUARE","-63.63","USD","A003_06_export.csv",""
"T02297","A002","2025-04-07 00:00:00","2025-04-08","TARGET T-2450","-235.11","USD","A002_04_export.csv","Food"
"T02298","A001","2025-08-25","2025-08-26","CHIPOTLE 2841","-46.82","USD","A001_08_export.csv",""
"T02299","A005","2025-08-26","2025-08-27","SHELL OIL 5742","-63.32","USD","A005_08_export.csv",""
"T02300","A002","2025-07-07","2025-07-08","Netflix","-19.75","USD","A002_07_export.csv",""
"T02301","A003","3/22/2025","2025-03-23","NIKE LAS VEGAS","-86.83","USD","A003_03_export.csv",""
"T02302","A001","2025-11-06 00:00:00","2025-11-08","Netflix","-31.99","USD","A001_11_export.csv",""
"T02303","A003","2025-04-17 00:00:00","2025-04-18","CHIPOTLE 2841","-100.91","USD","A003_04_export.csv",""
"T02304","A005","2025-01-26 00:00:00","2025-01-27","Walgreens","-106.43","USD","A005_01_export.csv","Shopping"
"T02305","A004","7/11/2025","2025-07-13","MARRIOTT HOTEL","-157.67","USD","A004_07_export.csv",""
"T02306","A001","1/31/2025","2025-02-02","MARRIOTT HOTEL","-284.25","USD","A001_01_export.csv",""
"T02307","A005","2025-10-28 00:00:00","2025-10-29","Shell","-43.06","USD","A005_10_export.csv",""
"T02308","A004","6/14/2025","2025-06-15","AMAZON.COM*","-157.01","USD","A004_06_export.csv",""
"T02309","A003","2025-01-13 00:00:00","2025-01-15","SW GAS CORP","-208.23","USD","A003_01_export.csv",""
"T02310","A002","2025-03-21","2025-03-22","NV Energy","-229.61","USD","A002_03_export.csv",""
"T02311","A004","2025-04-24","2025-04-25","Spotify","-69.64","USD","A004_04_export.csv",""
"T02312","A002","2025-01-04","2025-01-06","LVAC","-35.22","USD","A002_01_export.csv",""
"T02313","A003","11/29/2025","2025-11-30","WALGREENS #04712","-15.82","USD","A003_11_export.csv",""
"T02314","A001","12/24/2025","2025-12-25","COX COMMUNICATIONS","-123.11","USD","A001_12_export.csv",""
"T02315","A004","2025-03-31","2025-04-02","MARRIOTT HOTEL","-179.21","USD","A004_03_export.csv",""
"T02316","A001","6/13/2025","2025-06-14","SW GAS CORP","-181.23","USD","A001_06_export.csv",""
"T02317","A005","1/7/2025","2025-01-08","SPOTIFY USA","-36.04","USD","A005_01_export.csv","Bills"
"T02318","A001","8/5/2025","2025-08-06","Southwest Airlines","-937.06","USD","A001_08_export.csv",""
"T02319","A003","2025-01-29 00:00:00","2025-01-30","CHIPOTLE 2841","-62.19","USD","A003_01_export.csv",""
"T02320","A005","2025-02-28","2025-03-01","COX COMMUNICATIONS","-177.36","USD","A005_02_export.csv",""
"T02321","A004","2025-06-23 00:00:00","2025-06-24","UBER *TRIP","-20.96","USD","A004_06_export.csv",""
"T02322","A003","1/5/2025","2025-01-07","NVENERGY PAYMENT","-99.8","USD","A003_01_export.csv","Bills"
"T02323","A004","11/10/2025","2025-11-11","DD *DOORDASH","-86.12","USD","A004_11_export.csv",""
"T02324","A003","2025-05-03","2025-05-04","Airbnb","-773.75","USD","A003_05_export.csv",""
"T02325","A003","2025-09-15 00:00:00","2025-09-17","LVAC","-100.39","USD","A003_09_export.csv",""
"T02326","A003","8/26/2025","2025-08-27","SOUTHWEST AIR","-499.59","USD","A003_08_export.csv","Shopping"
"T02327","A004","2025-11-25 00:00:00","2025-11-26","Marriott","-644.62","USD","A004_11_export.csv",""
"T02328","A001","1/15/2025","2025-01-16","UBER *TRIP","-41.04","USD","A001_01_export.csv",""
"T02329","A003","1/11/2025","2025-01-12","Smith's","-119.33","USD","A003_01_export.csv",""
"T02330","A002","12/4/2025","2025-12-05","COSTCO WHSE #1320","-51.65","USD","A002_12_export.csv",""
"T02331","A002","10/30/2025","2025-10-31","Shell","-19.93","USD","A002_10_export.csv",""
"T02332","A001","9/7/2025","2025-09-09","Trader Joe's","-71.17","USD","A001_09_export.csv",""
"T02333","A002","2025-09-26","2025-09-27","Chevron","-93.04","USD","A002_09_export.csv",""
"T02334","A001","2025-03-26","2025-03-28","CVS","-59.1","USD","A001_03_export.csv",""
"T02335","A005","2025-05-22 00:00:00","2025-05-23","DoorDash","-102.35","USD","A005_05_export.csv",""
"T02336","A002","11/13/2025","2025-11-15","Target","-50.15","USD","A002_11_export.csv",""
"T02337","A005","2025-10-18","2025-10-20","Cox Communications","-224.55","USD","A005_10_export.csv","Shopping"
"T02338","A002","2025-08-23 00:00:00","2025-08-24","CHEVRON 0209341","-79.18","USD","A002_08_export.csv",""
"T02339","A004","10/24/2025","2025-10-25","MARRIOTT HOTEL","-778.12","USD","A004_10_export.csv",""
"T02340","A002","2025-07-31 00:00:00","2025-08-01","Shell","-25.72","USD","A002_07_export.csv",""
"T02341","A005","2025-02-22 00:00:00","2025-02-23","Uber Eats","-96.46","USD","A005_02_export.csv","Bills"
"T02342","A005","5/1/2025","2025-05-03","AMC 0039 TOWN SQUARE","-29.16","USD","A005_05_export.csv",""
"T02343","A002","2025-06-26 00:00:00","2025-06-27","NIKE LAS VEGAS","-52.59","USD","A002_06_export.csv",""
"T02344","A001","2025-12-12","2025-12-14","COSTCO WHSE #1320","-168.74","USD","A001_12_export.csv","Shopping"
"T02345","A004","2025-02-23","2025-02-24","WALGREENS #04712","-29.19","USD","A004_02_export.csv",""
"T02346","A003","2025-12-10","2025-12-11","COSTCO WHSE #1320","-167.61","USD","A003_12_export.csv",""
"T02347","A003","2025-02-16 00:00:00","2025-02-18","MARRIOTT HOTEL","-294.25","USD","A003_02_export.csv",""
"T02348","A002","2025-01-01 00:00:00","2025-01-02","LVAC","-43.25","USD","A002_01_export.csv",""
"T02349","A002","9/28/2025","2025-09-30","CVS","-70.32","USD","A002_09_export.csv","Other"
"T02350","A004","2025-02-01 00:00:00","2025-02-02","NIKE LAS VEGAS","-177.92","USD","A004_02_export.csv","Bills"
"T02351","A005","2025-12-06 00:00:00","2025-12-07","Cox Communications","-205.72","USD","A005_12_export.csv",""
"T02352","A005","2025-07-07 00:00:00","2025-07-08","Nike","-85.96","USD","A005_07_export.csv",""
"T02353","A001","2025-11-08 00:00:00","2025-11-09","LAS VEGAS ATHLETIC CLUB","-109.29","USD","A001_11_export.csv",""
"T02354","A001","2025-07-30 00:00:00","2025-07-31","TARGET T-2450","-171.53","USD","A001_07_export.csv",""
"T02355","A005","2025-12-04","2025-12-06","DoorDash","-74.22","USD","A005_12_export.csv",""
"T02356","A001","11/13/2025","2025-11-14","Costco","-134.44","USD","A001_11_export.csv","Food"
"T02357","A001","1/31/2025","2025-02-02","SPOTIFY USA","-54.73","USD","A001_01_export.csv",""
"T02358","A003","1/23/2025","2025-01-24","WALGREENS #04712","-109.83","USD","A003_01_export.csv",""
"T02359","A005","2025-01-25 00:00:00","2025-01-27","DoorDash","-73.03","USD","A005_01_export.csv",""
"T02360","A004","2025-10-08 00:00:00","2025-10-09","Southwest Airlines","-215.83","USD","A004_10_export.csv",""
"T02361","A001","2025-01-01","2025-01-01","PAYROLL ALEX MORGAN","4038.46","USD","A001_01_export.csv",""
"T02362","A001","2025-01-15","2025-01-15","PAYROLL ALEX MORGAN","4038.46","USD","A001_01_export.csv",""
"T02363","A002","2025-01-05","2025-01-05","JORDAN MORGAN PAYROLL","3000","USD","A002_01_export.csv",""
"T02364","A002","2025-01-20","2025-01-20","JORDAN MORGAN PAYROLL","3000","USD","A002_01_export.csv",""
"T02365","A001","2025-01-01","2025-01-01","THE WYNN RESIDENCES RENT","-2850","USD","A001_01_export.csv",""
"T02366","A001","2025-01-03","2025-01-03","TRANSFER TO CHASE CARD","-1250","USD","A001_01_export.csv",""
"T02367","A003","2025-01-03","2025-01-03","ONLINE PAYMENT THANK YOU","1250","USD","A003_01_export.csv",""
"T02368","A002","2025-01-08","2025-01-08","TRANSFER TO CAPITAL ONE","-450","USD","A002_01_export.csv",""
"T02369","A004","2025-01-08","2025-01-08","MOBILE PAYMENT","450","USD","A004_01_export.csv",""
"T02370","A001","2025-02-01","2025-02-01","PAYROLL ALEX MORGAN","4038.46","USD","A001_02_export.csv",""
"T02371","A001","2025-02-15","2025-02-15","PAYROLL ALEX MORGAN","4038.46","USD","A001_02_export.csv",""
"T02372","A002","2025-02-05","2025-02-05","JORDAN MORGAN PAYROLL","3000","USD","A002_02_export.csv",""
"T02373","A002","2025-02-20","2025-02-20","JORDAN MORGAN PAYROLL","3000","USD","A002_02_export.csv",""
"T02374","A001","2025-02-01","2025-02-01","THE WYNN RESIDENCES RENT","-2850","USD","A001_02_export.csv",""
"T02375","A001","2025-02-03","2025-02-03","TRANSFER TO CHASE CARD","-1250","USD","A001_02_export.csv",""
"T02376","A003","2025-02-03","2025-02-03","ONLINE PAYMENT THANK YOU","1250","USD","A003_02_export.csv",""
"T02377","A002","2025-02-08","2025-02-08","TRANSFER TO CAPITAL ONE","-450","USD","A002_02_export.csv",""
"T02378","A004","2025-02-08","2025-02-08","MOBILE PAYMENT","450","USD","A004_02_export.csv",""
"T02379","A001","2025-03-01","2025-03-01","PAYROLL ALEX MORGAN","4038.46","USD","A001_03_export.csv",""
"T02380","A001","2025-03-15","2025-03-15","PAYROLL ALEX MORGAN","4038.46","USD","A001_03_export.csv",""
"T02381","A002","2025-03-05","2025-03-05","JORDAN MORGAN PAYROLL","3000","USD","A002_03_export.csv",""
"T02382","A002","2025-03-20","2025-03-20","JORDAN MORGAN PAYROLL","3000","USD","A002_03_export.csv",""
"T02383","A001","2025-03-01","2025-03-01","THE WYNN RESIDENCES RENT","-2850","USD","A001_03_export.csv",""
"T02384","A001","2025-03-03","2025-03-03","TRANSFER TO CHASE CARD","-1250","USD","A001_03_export.csv",""
"T02385","A003","2025-03-03","2025-03-03","ONLINE PAYMENT THANK YOU","1250","USD","A003_03_export.csv",""
"T02386","A002","2025-03-08","2025-03-08","TRANSFER TO CAPITAL ONE","-450","USD","A002_03_export.csv",""
"T02387","A004","2025-03-08","2025-03-08","MOBILE PAYMENT","450","USD","A004_03_export.csv",""
"T02388","A001","2025-03-24","2025-03-25","FREELANCE DESIGN PAYMENT","1500","USD","A001_03_export.csv","Income"
"T02389","A001","2025-04-01","2025-04-01","PAYROLL ALEX MORGAN","4038.46","USD","A001_04_export.csv",""
"T02390","A001","2025-04-15","2025-04-15","PAYROLL ALEX MORGAN","4038.46","USD","A001_04_export.csv",""
"T02391","A002","2025-04-05","2025-04-05","JORDAN MORGAN PAYROLL","3000","USD","A002_04_export.csv",""
"T02392","A002","2025-04-20","2025-04-20","JORDAN MORGAN PAYROLL","3000","USD","A002_04_export.csv",""
"T02393","A001","2025-04-01","2025-04-01","THE WYNN RESIDENCES RENT","-2850","USD","A001_04_export.csv",""
"T02394","A001","2025-04-03","2025-04-03","TRANSFER TO CHASE CARD","-1250","USD","A001_04_export.csv",""
"T02395","A003","2025-04-03","2025-04-03","ONLINE PAYMENT THANK YOU","1250","USD","A003_04_export.csv",""
"T02396","A002","2025-04-08","2025-04-08","TRANSFER TO CAPITAL ONE","-450","USD","A002_04_export.csv",""
"T02397","A004","2025-04-08","2025-04-08","MOBILE PAYMENT","450","USD","A004_04_export.csv",""
"T02398","A001","2025-05-01","2025-05-01","PAYROLL ALEX MORGAN","4038.46","USD","A001_05_export.csv",""
"T02399","A001","2025-05-15","2025-05-15","PAYROLL ALEX MORGAN","4038.46","USD","A001_05_export.csv",""
"T02400","A002","2025-05-05","2025-05-05","JORDAN MORGAN PAYROLL","3000","USD","A002_05_export.csv",""
"T02401","A002","2025-05-20","2025-05-20","JORDAN MORGAN PAYROLL","3000","USD","A002_05_export.csv",""
"T02402","A001","2025-05-01","2025-05-01","THE WYNN RESIDENCES RENT","-2850","USD","A001_05_export.csv",""
"T02403","A001","2025-05-03","2025-05-03","TRANSFER TO CHASE CARD","-1250","USD","A001_05_export.csv",""
"T02404","A003","2025-05-03","2025-05-03","ONLINE PAYMENT THANK YOU","1250","USD","A003_05_export.csv",""
"T02405","A002","2025-05-08","2025-05-08","TRANSFER TO CAPITAL ONE","-450","USD","A002_05_export.csv",""
"T02406","A004","2025-05-08","2025-05-08","MOBILE PAYMENT","450","USD","A004_05_export.csv",""
"T02407","A001","2025-06-01","2025-06-01","PAYROLL ALEX MORGAN","4038.46","USD","A001_06_export.csv",""
"T02408","A001","2025-06-15","2025-06-15","PAYROLL ALEX MORGAN","4038.46","USD","A001_06_export.csv",""
"T02409","A002","2025-06-05","2025-06-05","JORDAN MORGAN PAYROLL","3000","USD","A002_06_export.csv",""
"T02410","A002","2025-06-20","2025-06-20","JORDAN MORGAN PAYROLL","3000","USD","A002_06_export.csv",""
"T02411","A001","2025-06-01","2025-06-01","THE WYNN RESIDENCES RENT","-2850","USD","A001_06_export.csv",""
"T02412","A001","2025-06-03","2025-06-03","TRANSFER TO CHASE CARD","-1250","USD","A001_06_export.csv",""
"T02413","A003","2025-06-03","2025-06-03","ONLINE PAYMENT THANK YOU","1250","USD","A003_06_export.csv",""
"T02414","A002","2025-06-08","2025-06-08","TRANSFER TO CAPITAL ONE","-450","USD","A002_06_export.csv",""
"T02415","A004","2025-06-08","2025-06-08","MOBILE PAYMENT","450","USD","A004_06_export.csv",""
"T02416","A001","2025-06-24","2025-06-25","FREELANCE DESIGN PAYMENT","1500","USD","A001_06_export.csv","Income"
"T02417","A001","2025-07-01","2025-07-01","PAYROLL ALEX MORGAN","4038.46","USD","A001_07_export.csv",""
"T02418","A001","2025-07-15","2025-07-15","PAYROLL ALEX MORGAN","4038.46","USD","A001_07_export.csv",""
"T02419","A002","2025-07-05","2025-07-05","JORDAN MORGAN PAYROLL","3000","USD","A002_07_export.csv",""
"T02420","A002","2025-07-20","2025-07-20","JORDAN MORGAN PAYROLL","3000","USD","A002_07_export.csv",""
"T02421","A001","2025-07-01","2025-07-01","THE WYNN RESIDENCES RENT","-2850","USD","A001_07_export.csv",""
"T02422","A001","2025-07-03","2025-07-03","TRANSFER TO CHASE CARD","-1250","USD","A001_07_export.csv",""
"T02423","A003","2025-07-03","2025-07-03","ONLINE PAYMENT THANK YOU","1250","USD","A003_07_export.csv",""
"T02424","A002","2025-07-08","2025-07-08","TRANSFER TO CAPITAL ONE","-450","USD","A002_07_export.csv",""
"T02425","A004","2025-07-08","2025-07-08","MOBILE PAYMENT","450","USD","A004_07_export.csv",""
"T02426","A001","2025-08-01","2025-08-01","PAYROLL ALEX MORGAN","4038.46","USD","A001_08_export.csv",""
"T02427","A001","2025-08-15","2025-08-15","PAYROLL ALEX MORGAN","4038.46","USD","A001_08_export.csv",""
"T02428","A002","2025-08-05","2025-08-05","JORDAN MORGAN PAYROLL","3000","USD","A002_08_export.csv",""
"T02429","A002","2025-08-20","2025-08-20","JORDAN MORGAN PAYROLL","3000","USD","A002_08_export.csv",""
"T02430","A001","2025-08-01","2025-08-01","THE WYNN RESIDENCES RENT","-2850","USD","A001_08_export.csv",""
"T02431","A001","2025-08-03","2025-08-03","TRANSFER TO CHASE CARD","-1250","USD","A001_08_export.csv",""
"T02432","A003","2025-08-03","2025-08-03","ONLINE PAYMENT THANK YOU","1250","USD","A003_08_export.csv",""
"T02433","A002","2025-08-08","2025-08-08","TRANSFER TO CAPITAL ONE","-450","USD","A002_08_export.csv",""
"T02434","A004","2025-08-08","2025-08-08","MOBILE PAYMENT","450","USD","A004_08_export.csv",""
"T02435","A001","2025-09-01","2025-09-01","PAYROLL ALEX MORGAN","4038.46","USD","A001_09_export.csv",""
"T02436","A001","2025-09-15","2025-09-15","PAYROLL ALEX MORGAN","4038.46","USD","A001_09_export.csv",""
"T02437","A002","2025-09-05","2025-09-05","JORDAN MORGAN PAYROLL","3000","USD","A002_09_export.csv",""
"T02438","A002","2025-09-20","2025-09-20","JORDAN MORGAN PAYROLL","3000","USD","A002_09_export.csv",""
"T02439","A001","2025-09-01","2025-09-01","THE WYNN RESIDENCES RENT","-2850","USD","A001_09_export.csv",""
"T02440","A001","2025-09-03","2025-09-03","TRANSFER TO CHASE CARD","-1250","USD","A001_09_export.csv",""
"T02441","A003","2025-09-03","2025-09-03","ONLINE PAYMENT THANK YOU","1250","USD","A003_09_export.csv",""
"T02442","A002","2025-09-08","2025-09-08","TRANSFER TO CAPITAL ONE","-450","USD","A002_09_export.csv",""
"T02443","A004","2025-09-08","2025-09-08","MOBILE PAYMENT","450","USD","A004_09_export.csv",""
"T02444","A001","2025-09-24","2025-09-25","FREELANCE DESIGN PAYMENT","1500","USD","A001_09_export.csv","Income"
"T02445","A001","2025-10-01","2025-10-01","PAYROLL ALEX MORGAN","4038.46","USD","A001_10_export.csv",""
"T02446","A001","2025-10-15","2025-10-15","PAYROLL ALEX MORGAN","4038.46","USD","A001_10_export.csv",""
"T02447","A002","2025-10-05","2025-10-05","JORDAN MORGAN PAYROLL","3000","USD","A002_10_export.csv",""
"T02448","A002","2025-10-20","2025-10-20","JORDAN MORGAN PAYROLL","3000","USD","A002_10_export.csv",""
"T02449","A001","2025-10-01","2025-10-01","THE WYNN RESIDENCES RENT","-2850","USD","A001_10_export.csv",""
"T02450","A001","2025-10-03","2025-10-03","TRANSFER TO CHASE CARD","-1250","USD","A001_10_export.csv",""
"T02451","A003","2025-10-03","2025-10-03","ONLINE PAYMENT THANK YOU","1250","USD","A003_10_export.csv",""
"T02452","A002","2025-10-08","2025-10-08","TRANSFER TO CAPITAL ONE","-450","USD","A002_10_export.csv",""
"T02453","A004","2025-10-08","2025-10-08","MOBILE PAYMENT","450","USD","A004_10_export.csv",""
"T02454","A001","2025-11-01","2025-11-01","PAYROLL ALEX MORGAN","4038.46","USD","A001_11_export.csv",""
"T02455","A001","2025-11-15","2025-11-15","PAYROLL ALEX MORGAN","4038.46","USD","A001_11_export.csv",""
"T02456","A002","2025-11-05","2025-11-05","JORDAN MORGAN PAYROLL","3000","USD","A002_11_export.csv",""
"T02457","A002","2025-11-20","2025-11-20","JORDAN MORGAN PAYROLL","3000","USD","A002_11_export.csv",""
"T02458","A001","2025-11-01","2025-11-01","THE WYNN RESIDENCES RENT","-2850","USD","A001_11_export.csv",""
"T02459","A001","2025-11-03","2025-11-03","TRANSFER TO CHASE CARD","-1250","USD","A001_11_export.csv",""
"T02460","A003","2025-11-03","2025-11-03","ONLINE PAYMENT THANK YOU","1250","USD","A003_11_export.csv",""
"T02461","A002","2025-11-08","2025-11-08","TRANSFER TO CAPITAL ONE","-450","USD","A002_11_export.csv",""
"T02462","A004","2025-11-08","2025-11-08","MOBILE PAYMENT","450","USD","A004_11_export.csv",""
"T02463","A001","2025-12-01","2025-12-01","PAYROLL ALEX MORGAN","4038.46","USD","A001_12_export.csv",""
"T02464","A001","2025-12-15","2025-12-15","PAYROLL ALEX MORGAN","4038.46","USD","A001_12_export.csv",""
"T02465","A002","2025-12-05","2025-12-05","JORDAN MORGAN PAYROLL","3000","USD","A002_12_export.csv",""
"T02466","A002","2025-12-20","2025-12-20","JORDAN MORGAN PAYROLL","3000","USD","A002_12_export.csv",""
"T02467","A001","2025-12-01","2025-12-01","THE WYNN RESIDENCES RENT","-2850","USD","A001_12_export.csv",""
"T02468","A001","2025-12-03","2025-12-03","TRANSFER TO CHASE CARD","-1250","USD","A001_12_export.csv",""
"T02469","A003","2025-12-03","2025-12-03","ONLINE PAYMENT THANK YOU","1250","USD","A003_12_export.csv",""
"T02470","A002","2025-12-08","2025-12-08","TRANSFER TO CAPITAL ONE","-450","USD","A002_12_export.csv",""
"T02471","A004","2025-12-08","2025-12-08","MOBILE PAYMENT","450","USD","A004_12_export.csv",""
"T02472","A001","2025-12-24","2025-12-25","FREELANCE DESIGN PAYMENT","1500","USD","A001_12_export.csv","Income"
"T02473","A005","8/14/2025","2025-08-15","Airbnb","-637.33","USD","A005_08_export.csv",""
"T02474","A003","2025-09-27","2025-09-28","Netflix","-23.5","USD","A003_09_export.csv",""
"T02475","A003","2025-04-07","2025-04-08","Uber","-70.5","USD","A003_04_export.csv",""
"T02476","A002","2025-10-20","2025-10-20","JORDAN MORGAN PAYROLL","3000","USD","A002_10_export.csv",""
"T02477","A004","10/6/2025","2025-10-07","Nike","-190.95","USD","A004_10_export.csv",""
"T02478","A003","7/18/2025","2025-07-20","COX COMMUNICATIONS","-187.34","USD","A003_07_export.csv","Bills"
"T02479","A002","2025-07-01 00:00:00","2025-07-02","CHEVRON 0209341","-81.57","USD","A002_07_export.csv",""
"T02480","A004","2025-10-23 00:00:00","2025-10-25","Costco","-107.1","USD","A004_10_export.csv","Food"
"T02481","A004","2025-02-23","2025-02-24","Marriott","-605.79","USD","A004_02_export.csv",""
"T02482","A005","6/11/2025","2025-06-12","Costco","-93.65","USD","A005_06_export.csv",""
"T02483","A005","2025-01-07","2025-01-09","Netflix","-53.32","USD","A005_01_export.csv",""
"T02484","A002","2025-05-13","2025-05-14","Southwest Gas","-59.06","USD","A002_05_export.csv","Food"
"T02485","A001","2025-01-15 00:00:00","2025-01-17","CVS/PHARMACY #8829","-100.81","USD","A001_01_export.csv",""
"T02486","A002","2025-01-18 00:00:00","2025-01-19","Uber","-16.22","USD","A002_01_export.csv","Bills"
"T02487","A004","2025-12-12 00:00:00","2025-12-13","Spotify","-28.79","USD","A004_12_export.csv",""
"T02488","A002","4/29/2025","2025-04-30","AMAZON.COM*","-46.2","USD","A002_04_export.csv","Bills"
"T02489","A004","2025-01-01","2025-01-01","TARGET RETURN","18.98","USD","refunds_export.csv",""
"T02490","A005","2025-10-06","2025-10-06","UBER EATS REFUND","21.77","USD","refunds_export.csv",""
"T02491","A005","2025-03-22","2025-03-22","TARGET RETURN","77.87","USD","refunds_export.csv",""
"T02492","A004","2025-06-16","2025-06-16","UBER EATS REFUND","100.46","USD","refunds_export.csv",""
"T02493","A005","2025-11-08","2025-11-08","UBER EATS REFUND","146.33","USD","refunds_export.csv",""
"T02494","A005","2025-03-26","2025-03-26","AMZN Mktp US* REFUND","143.56","USD","refunds_export.csv",""
"T02495","A005","2025-07-18","2025-07-18","AMZN Mktp US* REFUND","34.49","USD","refunds_export.csv",""
"T02496","A004","2025-08-10","2025-08-10","UBER EATS REFUND","29.72","USD","refunds_export.csv",""
"T02497","A004","2025-08-29","2025-08-29","TARGET RETURN","144.31","USD","refunds_export.csv",""
"T02498","A003","2025-10-08","2025-10-08","UBER EATS REFUND","41.97","USD","refunds_export.csv",""
"T02499","A005","2025-04-30","2025-04-30","AMZN Mktp US* REFUND","108.16","USD","refunds_export.csv",""
"T02500","A003","2025-03-02","2025-03-02","AMZN Mktp US* REFUND","88.18","USD","refunds_export.csv",""
"T02501","A003","2025-01-24","2025-01-24","UBER EATS REFUND","61.05","USD","refunds_export.csv",""
"T02502","A005","2025-08-23","2025-08-23","UBER EATS REFUND","15.2","USD","refunds_export.csv",""
"T02503","A003","2025-12-08","2025-12-08","TARGET RETURN","66.79","USD","refunds_export.csv",""
"T02504","A003","2025-02-21","2025-02-21","UBER EATS REFUND","36.82","USD","refunds_export.csv",""
"T02505","A003","2025-04-21","2025-04-21","AMZN Mktp US* REFUND","77.7","USD","refunds_export.csv",""
"T02506","A003","2025-12-23","2025-12-23","AMZN Mktp US* REFUND","15.43","USD","refunds_export.csv",""
